Month,Afghanistan,Africa,Albania,Algeria,AmericanSamoa,Andorra,Angola,Anguilla,Antigua,Antigua and Barbuda,Argentina,Armenia,Aruba,Australia,Austria,Azerbaijan,Bahamas,Bahrain,Bangladesh,Barbados,Belarus,Belgium,Belize,Benin,Bermuda,Bhutan,Bolivia,Bonaire,Bosnia and Herzegovina,Botswana,Brazil,British Virgin Islands,Brunei,Bulgaria,Burkina Faso,Burundi,Cabo Verde,Cambodia,Cameroon,Canada,Canary Islands,Cayman Islands,CentralAfricanRepublic,Chad,Chile,Chile-MA,China,Chinay,Colombia,Comoros,Congo,Costa Rica,Cote d'Ivoire,Country,Crimea,Croatia,Cuba,Curacao,Cyprus,Czech Republic,DJI,DOM,Democratic Republic of the Congo,DemocraticRepublicoftheCongo,Denmark,Djibouti,Dominica,Dominican Republic,EastTimor,Ecuador,Egypt,El Salvador,England,Equatorial Guinea,Erbil,Estonia,Eswatini,Ethiopia,Fance,Faroe Islands,Fiji,Finland,France,French Guiana,French Polynesia,French_Guiana,Gabon,Gambia,Georgia,Germany,Ghana,Gibraltar,Greece,Grenada,Guadeloupe,Guam,Guatemala,Guinea,Guinea Bissau,Guizhou,Guyana,Guyane,Hainan,Haiti,Hamster,Honduras,Hong Kong,Hubei,Hungary,Ialy,Iceland,India,IndonesiA,Indonesia,Inner Mongolia,Iran,Iraq,Ireland,Israel,Italia,Italy,Jamaica,Japan,Jilin,Jining,Jordan,Kazakhstan,Kenya,Kiribati,Kosovo,Kuwait,Kyrgyzstan,LKA,Laos,Latvia,Lebanon,Lesotho,Liberia,Libya,Liechtenstein,Lithuania,Luxembourg,Macau,Macedonia,Madagascar,Malawi,Malaysia,Maldives,Mali,Malta,MarshallIslands,Martinique,Mauritania,Mauritanie,Mauritius,Mayotte,Mexico,Micronesia,Moldova,Monaco,Mongolia,Monsterrat,Montenegro,Montserrat,Morocco,Mozambique,Myanmar,Namibia,Nepal,Netherlands,New Zealand,NewCaledonia,NewCaledonie,Nicaragua,Niger,Nigeria,Ningxia,North Macedonia,Northern Ireland,Northern Mariana Islands,Norway,Oman,PDL,Pakistan,Palau,Palestine,Panama,Papua New Guinea,Paraguay,Peru,Philippines,Poland,Portugal,Puerto Rico,Qatar,Qinghai,Republic of the Congo,Reunion,Romania,Romnaia,Russia,Rwanda,Saint Barthelemy,Saint Lucia,Saint Martin,Saint Vincent and The Grenadines,Saint Vincent and the Grenadines,Saint-Martin,SaintKittsandNevis,SaintLucia,SaintMartin,SaintVincentandTheGrenadines,SaintVincentandtheGrenadines,Sao Tome and Principe,SaoTomeandPrincipe,Saudi,Saudi Arabia,Scotland,Senegal,Serbia,Seychelles,Shanxi,Sierra Leone,SierraLeone,Singapore,Sint Eustatius,Sint Maarten,Slovakia,Slovenia,Solomon Islands,SolomonIslands,Somalia,South Africa,South Korea,South Sudan,Spaiin,Spain,Spainandplub,Sri Lanka,Sudan,Suriname,Sweden,Switzerland,Syria,Tahiti,Taiwan,Tanzania,Thailand,Tianjin,Tianjn,Timor-Leste,Togo,Tonga,Trinidad and Tobago,Tunisia,Turkey,Turks and Caicos Islands,USA,USVirginIslands,Uganda,Ukraine,United Arab Emirates,United Kingdom,UnitedKingdom,UnitedKingom,Uruguay,Uzbekistan,Vanuatu,Venezuela,Vietnam,Wales,Wallis and Futuna,West Bank,Xinjiang,Zambai,Zambia,Zimbabwe
2020-01,0.0,0.0,0.0,0.0,0.0,0.0,0.0,0.0,0.0,0.0,0.0020284,0.0,0.0,0.0233266,0.0,0.0,0.0,0.0,0.0,0.0,0.0,0.0,0.0,0.0,0.0,0.0,0.0,0.0,0.0,0.0,0.0,0.0,0.0,0.0,0.0,0.0,0.0,0.0010142,0.0,0.0192698,0.0,0.0,0.0,0.0,0.0,0.0,0.563895,0.0,0.0,0.0,0.0,0.0,0.0,0.0,0.0,0.0,0.0,0.0,0.0,0.0,0.0,0.0,0.0,0.0,0.0,0.0,0.0,0.0,0.0,0.0,0.0,0.0,0.00912779,0.0,0.0,0.0,0.0,0.0,0.0,0.0,0.0,0.00709939,0.0243408,0.0,0.0,0.0,0.0,0.0,0.0,0.015213,0.0,0.0,0.0,0.0,0.0,0.0,0.0,0.0,0.0,0.0,0.0,0.0,0.0,0.0,0.0,0.0,0.0425963,0.0,0.0,0.0,0.0,0.00608519,0.0,0.0,0.0,0.0,0.0,0.0,0.0,0.0,0.00608519,0.0,0.0121704,0.0,0.0,0.0,0.0,0.0,0.0,0.0,0.0,0.0,0.0,0.0,0.0,0.025355,0.0,0.0,0.0,0.0,0.0,0.0,0.0,0.0,0.0,0.0,0.00608519,0.0,0.0,0.0,0.0,0.0,0.0,0.0,0.0,0.0,0.0,0.0,0.0,0.0,0.0,0.0,0.0,0.0,0.0,0.0,0.0,0.0,0.0010142,0.0,0.0,0.0,0.0,0.0,0.0,0.0,0.0,0.0,0.0,0.0,0.0010142,0.0,0.0,0.0,0.0,0.0,0.0,0.0020284,0.0,0.0446247,0.0030426,0.0020284,0.0,0.0,0.015213,0.0,0.0,0.0,0.0,0.0,0.0,0.0,0.0,0.0,0.0,0.0,0.0,0.0,0.0,0.0,0.0,0.0,0.0,0.0,0.0,0.0,0.0,0.0,0.0,0.0,0.0,0.0,0.0,0.0020284,0.0121704,0.0,0.0,0.0,0.0,0.0,0.0,0.0,0.0,0.00811359,0.0,0.0,0.0,0.0,0.0010142,0.0,0.0,0.0010142,0.0,0.0,0.0,0.00811359,0.0,0.0294118,0.0,0.0,0.0,0.0,0.0,0.00811359,0.0,0.0,0.0,0.0740365,0.0,0.0,0.0,0.0040568,0.00912779,0.0,0.0,0.0,0.0,0.0,0.0,0.00912779,0.0010142,0.0,0.0,0.0,0.0,0.0,0.0
2020-02,0.0,0.0,0.0,0.0,0.0,0.0,0.0,0.0,0.0,0.0,0.0,0.0,0.0,0.0146484,0.00390625,0.0,0.0,0.0,0.000488281,0.0,0.0,0.00244141,0.0,0.0,0.0,0.0,0.0,0.0,0.0,0.0,0.00390625,0.0,0.0,0.0,0.0,0.0,0.0,0.0,0.0,0.0078125,0.000976562,0.0,0.0,0.0,0.000488281,0.0,0.286133,0.0,0.0,0.0,0.0,0.0,0.0,0.0,0.0,0.0,0.0,0.0,0.0,0.000488281,0.0,0.0,0.0,0.0,0.000976562,0.0,0.0,0.0,0.0,0.0,0.0,0.0,0.128418,0.0,0.0,0.0,0.0,0.0,0.0,0.0,0.0,0.00195312,0.0224609,0.0,0.0,0.0,0.0,0.0,0.00195312,0.0249023,0.0,0.0,0.000488281,0.0,0.0,0.0,0.0,0.0,0.0,0.0,0.0,0.0,0.0,0.0,0.0,0.0,0.0585938,0.0,0.0,0.0,0.000488281,0.00244141,0.0,0.0,0.0,0.0205078,0.000976562,0.000488281,0.000976562,0.0,0.0927734,0.0,0.0483398,0.0,0.000976562,0.0,0.0,0.0,0.0,0.0,0.000488281,0.0,0.0,0.0,0.0,0.000976562,0.0,0.0,0.0,0.0,0.000488281,0.000976562,0.0,0.0,0.0,0.0,0.00439453,0.0,0.000488281,0.0,0.0,0.0,0.0,0.0,0.0,0.0,0.00146484,0.0,0.0,0.0,0.000488281,0.0,0.0,0.0,0.00292969,0.0,0.0,0.0,0.0,0.0141602,0.000488281,0.0,0.0,0.0,0.0,0.000976562,0.0,0.0,0.000976562,0.0,0.00537109,0.000976562,0.0,0.0,0.0,0.0,0.00390625,0.0,0.0,0.00146484,0.0,0.0,0.0,0.0,0.00146484,0.0,0.0,0.0,0.0,0.0,0.000976562,0.0,0.000488281,0.0,0.0,0.0,0.0,0.0,0.0,0.0,0.0,0.0,0.0,0.0,0.0,0.0,0.0078125,0.000976562,0.000488281,0.0,0.0,0.0,0.0,0.0,0.0205078,0.0,0.0,0.0,0.0,0.0,0.0,0.0,0.0,0.0664062,0.0,0.0,0.0146484,0.0,0.000488281,0.0,0.0,0.00292969,0.0131836,0.0,0.0,0.00537109,0.0,0.00585938,0.0,0.0,0.0,0.0,0.0,0.0,0.0,0.000488281,0.0,0.0737305,0.0,0.0,0.0,0.0112305,0.0,0.0,0.0,0.0,0.0,0.0,0.0,0.000488281,0.00146484,0.0,0.0,0.0,0.0,0.000976562,0.0
2020-03,0.0,0.0,0.0,0.000220203,0.0,0.0,0.0,0.0,0.0,0.0,0.000836771,0.0,0.0,0.0510577,0.00766306,0.0,0.0,0.000190842,0.000190842,0.0,0.0,0.0103349,0.0,0.000132122,0.0,0.0,0.0,0.0,0.000337644,0.0,0.00807411,0.0,0.0,0.0,0.0,0.0,0.0,0.000278924,0.0,0.0540525,0.000983573,0.0,0.0,0.0,0.00365537,0.0,0.00433066,0.0,0.00146802,0.0,0.0,0.00073401,0.0,0.0,0.0,0.000719329,0.0,0.0,0.0,0.00234883,0.0,0.0,0.00073401,0.0,0.0157518,0.0,0.0,0.0,0.0,0.000308284,0.000161482,0.0,0.182475,0.0,0.0,0.000293604,0.0,0.0,0.0,0.000205523,0.0,0.00416917,0.0527312,0.0,0.0,0.0,0.000117442,0.000146802,0.000234883,0.0261161,0.000587208,0.0,0.00255435,0.0,0.000381685,0.0,0.000146802,0.0,0.0,0.0,0.0,0.0,0.0,0.0,0.0,0.0,0.0027452,0.0,0.000807411,0.0,0.0178658,0.00405173,0.0,0.000689969,0.0,0.00246627,0.0,0.00666481,0.00314156,0.0,0.0150912,0.000117442,0.0106285,0.0,0.0,0.000322964,0.000264243,0.000425726,0.0,0.0,0.000161482,0.0,0.0,0.0,0.000455086,0.000469766,0.0,0.0,0.0,0.0,0.0,0.00271584,0.0,0.0,0.000102761,0.0,0.000998253,0.0,0.0,0.0,0.0,0.0,0.0,0.0,0.0,0.0,0.00111569,0.0,0.0,0.0,0.0,0.0,0.0,0.0,0.000469766,0.0,0.0,0.0,0.0,0.0247214,0.00694373,0.0,0.0,0.000146802,0.000102761,0.000557847,0.0,0.0,0.00885216,0.0,0.00334708,0.000469766,0.0,0.000499127,0.0,0.000293604,0.0027452,0.0,0.0,0.00317092,0.000396365,0.000822091,0.0191283,0.000161482,0.000983573,0.0,0.0,0.0,0.000176162,0.0,0.0027452,0.0,0.0,0.0,0.0,0.0,0.0,0.0,0.0,0.0,0.0,0.0,0.0,0.0,0.0,0.0,0.00176162,0.0213744,0.00105697,0.000308284,0.0,0.0,0.0,0.0,0.00507935,0.0,0.0,0.000132122,0.00375813,0.0,0.0,0.0,0.000983573,0.00165886,0.0,0.0,0.0497218,0.0,0.0,0.0,0.0,0.0116267,0.0277602,0.0,0.0,0.00145334,0.0,0.00581336,0.0,0.0,0.0,0.000161482,0.0,0.0,0.000396365,0.00104229,0.0,0.245233,0.0,0.000293604,0.0,0.000425726,0.000278924,0.0,0.0,0.000557847,0.0,0.0,0.0,0.00158546,0.0324432,0.0,0.0,0.0,0.0,0.000293604,0.000117442
2020-04,0.0,0.0,0.0,0.0,0.0,0.0,0.0,0.0,0.0,0.0,0.0022013,0.0,0.0,0.016963,0.00266746,0.0,0.0,0.000181284,0.00139847,0.0,0.0,0.00650032,0.0,0.0,0.0,0.0,0.0,0.0,0.0,0.0,0.0175586,0.0,0.0,0.0,0.0,0.0,0.0,0.0,0.0,0.0628019,0.000194233,0.0,0.0,0.0,0.00235669,0.0,0.00182579,0.0,0.00148912,0.0,0.0,0.0,0.0,0.0,0.0,0.00011654,0.0,0.0,0.00102296,0.000919368,0.0,0.0,0.00226605,0.0,0.005568,0.0,0.0,0.0,0.0,0.000194233,0.000168335,0.0,0.257824,0.000271926,0.0,0.0,0.0,0.0,0.0,0.0,0.0,0.00426017,0.030365,0.0,0.0,0.0,0.000233079,0.0,0.000129488,0.00894765,0.0,0.0,0.000258977,0.0,0.0,0.000233079,0.0,0.000142437,0.0,0.0,0.0,0.0,0.0,0.0,0.0,0.0,0.000375516,0.0,0.000763981,0.0,0.00413068,0.00855918,0.0,0.000932316,0.0,0.000543851,0.0,0.00833905,0.0022531,0.0,0.00692763,0.0,0.040504,0.0,0.0,0.000129488,0.000582698,0.00163155,0.0,0.0,0.000142437,0.0,0.0,0.0,0.000181284,0.0,0.0,0.0,0.0,0.0,0.000932316,0.00115245,0.0,0.0,0.000168335,0.0,0.000932316,0.0,0.000271926,0.0,0.0,0.0,0.0,0.0,0.0,0.0,0.00767866,0.0,0.0,0.0,0.0,0.0,0.0,0.0,0.000932316,0.0,0.0,0.0,0.0,0.0165227,0.00297823,0.0,0.0,0.000168335,0.0,0.000595647,0.0,0.0,0.00604711,0.0,0.00156681,0.000919368,0.0,0.000971163,0.0,0.0,0.00248618,0.0,0.0,0.00135963,0.0,0.000984112,0.00314657,0.0,0.00296528,0.0,0.0,0.0,0.00103591,0.0,0.00270631,0.0,0.0,0.0,0.0,0.0,0.0,0.0,0.0,0.0,0.0,0.0,0.0,0.0,0.0,0.0,0.00539967,0.0669067,0.000958214,0.00125604,0.0,0.0,0.00011654,0.0,0.00591762,0.0,0.0,0.000103591,0.00115245,0.0,0.0,0.000142437,0.00268041,0.000297823,0.0,0.0,0.019242,0.0,0.000155386,0.0,0.0,0.0117187,0.0112655,0.0,0.0,0.000129488,0.0,0.000440261,0.0,0.0,0.000375516,0.0,0.0,0.0,0.000129488,0.00130783,0.0,0.232483,0.0,0.0,0.0,0.00117834,0.0016704,0.0,0.0,0.000466158,0.0,0.0,0.0,0.000129488,0.0708949,0.0,0.0,0.0,0.0,0.0,0.000168335
2020-05,0.0,0.0,0.0,0.000351071,0.0,0.0,0.0,0.0,0.0,0.0,0.00794925,0.0,0.0,0.00827524,0.00160489,0.000200612,0.0,0.0,0.00584282,0.0,0.000100306,0.00411254,0.0,0.0,0.0,0.0,0.000526606,0.0,0.0,0.0,0.015397,0.0,0.0,0.000100306,0.000200612,0.0,0.0,0.0,0.000401224,0.0507548,0.0,0.0,0.0,0.0,0.00448869,0.0,0.000125382,0.0,0.00180551,0.0,0.0,0.0,0.0,0.0,0.0,0.0,0.0,0.0,0.0004263,0.000401224,0.0,0.0,0.00694619,0.0,0.00697126,0.000175535,0.0,0.000125382,0.0,0.000376147,0.00228196,0.0,0.173705,0.00092783,0.0,0.0,0.0,0.0,0.0,0.0,0.0,0.00406239,0.00870154,0.000125382,0.0,0.0,0.000977983,0.000651989,0.000100306,0.00539144,0.000626912,0.0,0.000200612,0.0,0.0,0.0,0.000175535,0.000300918,0.000125382,0.0,0.0,0.0,0.0,0.00290887,0.0,0.0,0.000351071,0.0,0.000250765,0.0,0.0,0.0420031,0.0,0.00110337,0.0,0.00115352,0.0,0.00290887,0.000100306,0.0,0.00323487,0.0,0.0123126,0.0,0.0,0.0,0.0,0.0054416,0.0,0.0,0.000300918,0.000100306,0.0,0.0,0.000225688,0.0,0.0,0.0,0.000150459,0.0,0.000351071,0.000351071,0.0,0.0,0.000977983,0.000100306,0.000601836,0.0,0.0,0.0,0.0,0.0,0.0,0.0,0.0,0.0,0.0142434,0.0,0.0,0.0,0.000125382,0.0,0.0,0.0,0.00102814,0.0,0.000401224,0.0,0.0,0.015723,0.000300918,0.0,0.0,0.000401224,0.000275841,0.00185566,0.0,0.0,0.0055419,0.0,0.000902753,0.0021315,0.0,0.00478961,0.0,0.0,0.00258288,0.0,0.000125382,0.00310948,0.0,0.0072471,0.00233211,0.0,0.00902753,0.0,0.0,0.0,0.000777371,0.0,0.00732233,0.0,0.0,0.0,0.0,0.0,0.0,0.0,0.0,0.0,0.0,0.0,0.0,0.0,0.0,0.0,0.00210642,0.0463163,0.00346055,0.000977983,0.0,0.0,0.0,0.0,0.00428808,0.0,0.0,0.0,0.0,0.0,0.0,0.0,0.0071468,0.00506545,0.0,0.0,0.00707157,0.0,0.0,0.000225688,0.000125382,0.00376147,0.0051156,0.0,0.0,0.0,0.0,0.0,0.0,0.0,0.0,0.000150459,0.0,0.0,0.0,0.00310948,0.0,0.335724,0.0,0.000626912,0.000802447,0.0250013,0.00850093,0.0,0.0,0.000626912,0.0,0.0,0.000325994,0.0,0.0663524,0.0,0.0,0.0,0.0,0.000150459,0.000902753
2020-06,0.00017848,0.000968893,0.0,0.000509944,0.0,0.0,0.0,0.0,0.0,0.0,0.00428353,0.0,0.0,0.018409,0.000382458,0.000509944,0.0,0.000407955,0.00859255,0.0,0.000203978,0.00201428,0.0,0.0,0.0,0.0,0.000229475,0.0,0.0,0.0,0.0230495,0.0,0.0,0.0,0.000331464,0.0,0.0,0.0,0.00017848,0.0225395,0.000152983,0.0,0.0,0.0,0.0036461,0.0,0.000305966,0.0,0.000968893,0.0,0.000152983,0.000662927,0.000739419,0.0,0.0,0.0,0.0,0.0,0.000331464,0.000382458,0.0,0.0,0.000356961,0.0,0.00734319,0.000535441,0.0,0.0,0.0,0.000407955,0.00591535,0.0,0.191662,0.000866905,0.0,0.0,0.0,0.0,0.0,0.0,0.0,0.00017848,0.00249873,0.00017848,0.0,0.0,0.000611933,0.000586435,0.0,0.0414074,0.000203978,0.0,0.0,0.0,0.0,0.0,0.000739419,0.00063743,0.0,0.0,0.0,0.0,0.0,0.000790413,0.0,0.0,0.00081591,0.0,0.000407955,0.0,0.0,0.0429628,0.0,0.00119837,0.0,0.00155533,0.00114737,0.000152983,0.000994391,0.0,0.00481897,0.0,0.013284,0.0,0.0,0.000101989,0.000254972,0.00374809,0.0,0.0,0.000611933,0.000407955,0.0,0.0,0.000229475,0.000382458,0.0,0.0,0.000560938,0.0,0.0,0.00045895,0.0,0.0,0.00135135,0.000560938,0.000152983,0.0,0.0,0.0,0.0,0.0,0.0,0.0,0.0,0.0,0.0138705,0.0,0.000127486,0.0,0.0,0.0,0.0,0.0,0.000305966,0.0,0.0,0.0,0.0,0.00568587,0.00017848,0.0,0.0,0.000484447,0.0,0.0018103,0.0,0.00137685,0.000356961,0.0,0.00209077,0.000509944,0.0,0.00158083,0.0,0.000382458,0.00298317,0.0,0.000152983,0.0027282,0.000535441,0.00107088,0.0027027,0.000203978,0.00736869,0.0,0.0,0.0,0.000739419,0.0,0.00808261,0.000229475,0.0,0.0,0.0,0.0,0.0,0.0,0.0,0.0,0.0,0.0,0.0,0.0,0.0,0.0,0.00739419,0.00588985,0.00382458,0.00155533,0.0,0.0,0.0,0.0,0.0035951,0.0,0.0,0.0,0.00101989,0.0,0.0,0.0,0.0111933,0.00698623,0.0,0.0,0.00550739,0.0,0.0,0.000203978,0.000994391,0.00267721,0.00410505,0.0,0.0,0.0,0.0,0.0,0.0,0.0,0.0,0.0,0.0,0.0,0.0,0.00142784,0.0,0.427996,0.0,0.0,0.000407955,0.00650179,0.000331464,0.0,0.0,0.000688424,0.0,0.0,0.0,0.0,0.0276135,0.0,0.0,0.0,0.0,0.00160632,0.00101989
2020-07,0.0,0.000954071,0.0,0.00013357,0.0,0.0,0.0,0.0,0.0,0.0,0.0043124,0.000209896,0.0,0.17927,0.000496117,0.0,0.0,0.0,0.00496117,0.0,0.0,0.0029767,0.0,0.0,0.0,0.0,0.00013357,0.0,0.0,0.0,0.0189479,0.0,0.0,0.0,0.0,0.0,0.0,0.0,0.0,0.0146927,0.0,0.0,0.0,0.0,0.00137386,0.0,0.000228977,0.0,0.000839582,0.0,0.0,0.000915908,0.000572443,0.0,0.0,0.0,0.0,0.0,0.000286221,0.000629687,0.0,0.0,0.0,0.0,0.00478944,0.0,0.0,0.0,0.0,0.000324384,0.00192722,0.0,0.063503,0.000496117,0.0,0.0,0.0,0.0,0.0,0.0,0.0,0.0,0.00772798,0.0,0.0,0.0,0.000343466,0.00490393,0.0,0.00278589,0.0011258,0.0,0.0,0.0,0.0,0.0,0.000305303,0.000152651,0.0,0.0,0.0,0.0,0.0,0.0,0.0,0.0,0.0184136,0.0,0.0,0.0,0.000954071,0.0181846,0.0,0.000877745,0.0,0.00026714,0.0,0.00150743,0.00114489,0.0,0.00242334,0.0,0.0524548,0.0,0.0,0.0,0.0,0.0040071,0.0,0.0,0.000171733,0.000209896,0.0,0.0,0.000782338,0.000515198,0.0,0.0,0.0,0.0,0.00013357,0.00093499,0.0,0.0,0.00108764,0.0,0.000152651,0.0,0.0,0.0,0.0,0.0,0.0,0.0,0.000248058,0.0,0.00732727,0.0,0.0,0.0,0.0,0.0,0.000171733,0.0,0.000553361,0.00013357,0.0,0.0,0.0,0.00314843,0.0,0.0,0.0,0.00013357,0.0,0.00206079,0.0,0.000209896,0.00150743,0.000152651,0.00228977,0.00026714,0.0,0.00026714,0.0,0.000362547,0.00227069,0.000610605,0.00013357,0.00129754,0.00238518,0.0,0.00093499,0.000457954,0.00232793,0.0,0.0,0.0,0.0021562,0.0,0.0040071,0.000362547,0.0,0.0,0.0,0.0,0.0,0.0,0.0,0.0,0.0,0.0,0.0,0.0,0.0,0.0,0.000610605,0.00179365,0.000973152,0.00213712,0.0,0.0,0.0,0.0,0.00227069,0.0,0.0,0.0,0.00286221,0.0,0.0,0.0,0.0224397,0.00536188,0.0,0.0,0.00560994,0.0,0.0,0.00040071,0.000515198,0.00131662,0.0115252,0.0,0.0,0.0,0.0,0.000114489,0.0,0.0,0.0,0.0,0.0,0.0,0.00013357,0.0013357,0.0,0.467724,0.0,0.000362547,0.000114489,0.000324384,0.0,0.0,0.0,0.000686931,0.0,0.0,0.0,0.000763257,0.00475127,0.0,0.0,0.0,0.0,0.00347282,0.000477036
2020-08,0.0,0.0,0.0,0.0,0.0,0.0,0.0,0.0,0.0,0.0,0.00529708,0.00044451,0.0,0.164673,0.00138909,0.0,0.0,0.000111128,0.00203734,0.0,0.0,0.00425989,0.0,0.0,0.0,0.000259298,0.000222255,0.0,0.0,0.0,0.0166136,0.0,0.0,0.000185213,0.000314861,0.0,0.0,0.0,0.0,0.0275226,0.000759372,0.0,0.0,0.0,0.001741,0.0,0.000666765,0.0,0.000518595,0.0,0.0,0.000314861,0.000203734,0.0,0.0,0.0,0.0,0.0,0.000666765,0.000777893,0.0,0.0,0.0,0.0,0.0320047,0.0,0.0,0.0,0.0,0.000777893,0.00329678,0.0,0.113535,0.000129649,0.0,0.0,0.0,0.0,0.0,0.000185213,0.0,0.000500074,0.0373018,0.0,0.0,0.0,0.000314861,0.00120388,0.0,0.00820492,0.000574159,0.000129649,0.00029634,0.0,0.0,0.0,0.0,0.000740851,0.0,0.0,0.0,0.0,0.0,0.0,0.0,0.0,0.0101126,0.0,0.000407468,0.0,0.00316714,0.0244295,0.0,0.00107423,0.0,0.000111128,0.0,0.00242629,0.000240776,0.0,0.0037413,0.0,0.0754371,0.0,0.0,0.000277819,0.0,0.00268558,0.0,0.0,0.000333383,0.0,0.0,0.0,0.000759372,0.000648244,0.0,0.0,0.0,0.0,0.000685287,0.000463032,0.0,0.0,0.000685287,0.0,0.000185213,0.0,0.0,0.0,0.0,0.0,0.0,0.0,0.0,0.0,0.00681582,0.0,0.0,0.0,0.0,0.0,0.0,0.0,0.000463032,0.000185213,0.000370425,0.0,0.000240776,0.00559342,0.00211142,0.0,0.0,0.0,0.0,0.000611202,0.0,0.000203734,0.0100756,0.000111128,0.0044451,0.000166691,0.0,0.000203734,0.0,0.000277819,0.00222255,0.00116684,0.000259298,0.00388947,0.00133353,0.000611202,0.000703808,0.000851978,0.00250037,0.0,0.0,0.0,0.00185213,0.0,0.0100015,0.00137057,0.0,0.0,0.0,0.0,0.0,0.0,0.0,0.0,0.0,0.0,0.0,0.0,0.0,0.0,0.000370425,0.0264113,0.000889021,0.00059268,0.0,0.0,0.0,0.0,0.000981627,0.0,0.0,0.0,0.00335235,0.0,0.0,0.0,0.00864943,0.0061861,0.0,0.0,0.01002,0.0,0.0,0.000259298,0.000463032,0.00162987,0.016095,0.0,0.0,0.0,0.0,0.0,0.0,0.0,0.0,0.0,0.0,0.000333383,0.000351904,0.000314861,0.0,0.295247,0.0,0.00161135,0.000185213,0.00133353,0.0,0.0,0.0,0.0,0.0,0.0,0.0,0.000574159,0.00570455,0.0,0.0,0.0,0.0,0.00196325,0.000222255
2020-09,0.0,0.0,0.0,0.0,0.0,0.0,0.000267999,0.0,0.0,0.0,0.00179717,0.000157647,0.0,0.0260117,0.00111929,0.0,0.0,0.000110353,0.00137153,0.0,0.0,0.00512352,0.0,0.0,0.0,0.0,0.000126117,0.0,0.0,0.000189176,0.0136522,0.0,0.0,0.000141882,0.000898586,0.0,0.0,0.0,0.0,0.0328063,0.00023647,0.0,0.0,0.0,0.00170258,0.0,0.000331058,0.0,0.000267999,0.0,0.0,0.000267999,0.000110353,0.0,0.0,0.000283764,0.0,0.0,0.000961645,0.00070941,0.0,0.0,0.0,0.0,0.036779,0.0,0.0,0.0,0.0,0.000409881,0.00047294,0.0,0.263475,0.0,0.0,0.00258541,0.0,0.0,0.0,0.000189176,0.0,0.00261693,0.0465215,0.0,0.0,0.0,0.0,0.000394117,0.0,0.010184,0.000283764,0.0,0.001072,0.0,0.0,0.0,0.000110353,0.000204941,0.0,0.0,0.0,0.0,0.0,0.0,0.0,0.0,0.00264846,0.0,0.000914351,0.0,0.00942727,0.0178141,0.0,0.000977409,0.0,0.000362587,0.0,0.00307411,0.000141882,0.0,0.00584869,0.0,0.0222124,0.0,0.0,0.00162376,0.0,0.00163953,0.0,0.0,0.0,0.0,0.0,0.0,0.0026327,0.000630587,0.0,0.0,0.0,0.0,0.000488705,0.000441411,0.0,0.0,0.000504469,0.0,0.000504469,0.0,0.0,0.000110353,0.0,0.0,0.0,0.0,0.0,0.0,0.0033894,0.0,0.000126117,0.0,0.0,0.0,0.0,0.0,0.0,0.000204941,0.000157647,0.0,0.0,0.00805574,0.000772469,0.0,0.0,0.000110353,0.0,0.000141882,0.0,0.000157647,0.00480822,0.0,0.00411458,0.000189176,0.0,0.0,0.0,0.0,0.000583293,0.0,0.000126117,0.001876,0.00047294,0.000394117,0.0,0.000394117,0.0010247,0.0,0.0,0.0,0.00200211,0.0,0.0137626,0.0,0.0,0.0,0.0,0.0,0.0,0.0,0.0,0.0,0.0,0.0,0.0,0.0,0.0,0.0,0.0,0.048634,0.000409881,0.000409881,0.0,0.0,0.0,0.0,0.000520234,0.0,0.0,0.000157647,0.00599057,0.0,0.0,0.0,0.0106254,0.00220705,0.0,0.0,0.0162218,0.0,0.0,0.0,0.0,0.001608,0.0113979,0.0,0.0,0.0,0.0,0.0,0.0,0.0,0.0,0.0,0.0,0.000189176,0.000551763,0.000457175,0.0,0.277127,0.0,0.000851292,0.0,0.00195482,0.000141882,0.0,0.0,0.000378352,0.0,0.0,0.000189176,0.0,0.0496114,0.0,0.0,0.0,0.0,0.0,0.0
2020-10,0.0,0.0,0.0,0.0,0.0,0.0,0.000272145,0.0,0.0,0.0,0.00140764,0.0,0.0,0.00320943,0.00154841,0.000300297,0.0,0.000563058,0.000469215,0.0,0.000140764,0.00608102,0.0,0.0,0.0,0.0,0.0,0.0,0.0,0.000103227,0.00821126,0.0,0.0,0.0,0.000150149,0.0,0.0,0.0,0.0,0.0308368,0.0,0.0,0.0,0.0,0.00102289,0.0,0.000103227,0.0,0.000553673,0.0,0.0,0.00013138,0.0,0.0,0.0,0.0,0.0,0.0,0.000900892,0.00375372,0.0,0.0,0.0,0.0,0.0323758,0.0,0.0,0.000112612,0.0,0.000234607,0.000234607,0.0,0.320202,0.0,0.0,0.000685054,0.0,0.0,0.0,0.0,0.0,0.0035848,0.0322069,0.0,0.0,0.0,0.0,0.0,0.000112612,0.00998489,0.000140764,0.00173609,0.00152964,0.0,0.0,0.0,0.000534905,0.000215839,0.0,0.0,0.0,0.0,0.0,0.0,0.0,0.0,0.00175486,0.0,0.00137949,0.0,0.0182525,0.00805173,0.0,0.000919661,0.0,0.000497368,0.0,0.00178302,0.0,0.0,0.00594964,0.0,0.0138606,0.0,0.0,0.0032282,0.0,0.0048423,0.0,0.0,0.0,0.0,0.0,0.0,0.00195193,0.000309682,0.0,0.0,0.0,0.0,0.0,0.0066347,0.0,0.0,0.000168917,0.0,0.000919661,0.0,0.0,0.0,0.0,0.0,0.0,0.0,0.0,0.0,0.00184871,0.0,0.0,0.0,0.0,0.0,0.0,0.0,0.0,0.000187686,0.0,0.0,0.0,0.00829572,0.000609979,0.0,0.0,0.0,0.0,0.000150149,0.0,0.000243992,0.00836141,0.000150149,0.00430739,0.0,0.0,0.000103227,0.0,0.0,0.000356603,0.0,0.0,0.00142641,0.000403525,0.000741359,0.0,0.000403525,0.000450446,0.0,0.0,0.0,0.000863355,0.0,0.00754497,0.0,0.0,0.0,0.0,0.0,0.0,0.0,0.0,0.0,0.0,0.0,0.0,0.0,0.0,0.0,0.0,0.0421355,0.00026276,0.000412909,0.0,0.0,0.0,0.0,0.000563058,0.0,0.0,0.0,0.00784527,0.0,0.0,0.0,0.00777958,0.00168917,0.0,0.0,0.00971275,0.0,0.00013138,0.0,0.0,0.00126688,0.0240801,0.0,0.0,0.0,0.0,0.00019707,0.0,0.0,0.0,0.0,0.0,0.0,0.000347219,0.0,0.0,0.259917,0.0,0.000234607,0.0,0.000778897,0.00032845,0.0,0.0,0.000159533,0.000178302,0.0,0.000150149,0.0,0.069303,0.0,0.0,0.0,0.0,0.0,0.0
2020-11,0.0,0.0,0.0,0.0,0.0,0.0,0.0,0.0,0.0,0.0,0.000963994,0.0,0.0,0.000914739,0.00296938,0.0,0.0,0.000295531,0.000471443,0.0,0.000105547,0.00294828,0.0,0.0,0.000154802,0.0,0.0,0.0,0.0,0.000126656,0.011385,0.0,0.0,0.0,0.000175911,0.0,0.0,0.0,0.0,0.0451248,0.0,0.0,0.0,0.0,0.000126656,0.0,0.0,0.0,0.000626245,0.0,0.0,0.000147766,0.0,0.0,0.0,0.000204057,0.0,0.0,0.000752901,0.00189984,0.0,0.0,0.0,0.0,0.0683943,0.000112583,0.0,0.000133693,0.0,0.0,0.000105547,0.0,0.292118,0.0,0.0,0.000323677,0.0,0.0,0.0,0.0,0.0,0.00107658,0.0158742,0.0,0.0,0.0,0.0,0.0,0.0,0.00929516,0.000274422,0.0,0.00195613,0.0,0.0,0.0,0.000161838,0.0,0.0,0.0,0.0,0.0,0.0,0.0,0.0,0.0,0.00349712,0.0,0.0,0.0,0.00326492,0.00747272,0.0,0.00109769,0.0,0.000408114,0.0,0.00157617,0.0,0.0,0.00470035,0.0,0.0256901,0.0,0.0,0.000309604,0.0,0.00489034,0.0,0.0,0.0,0.0,0.0,0.0,0.0,0.000197021,0.0,0.0,0.0,0.0,0.000408114,0.00715608,0.0,0.0,0.000182948,0.0,0.00111176,0.0,0.0,0.0,0.0,0.0,0.0,0.0,0.0,0.0,0.00305382,0.0,0.0,0.0,0.0,0.0,0.0,0.0,0.000189984,0.000358859,0.0,0.0,0.0,0.00738828,0.000358859,0.0,0.0,0.0,0.0,0.000126656,0.0,0.000154802,0.00121027,0.0,0.00265274,0.0,0.0,0.000211094,0.0,0.0,0.0,0.0,0.0,0.000562916,0.00264571,0.00151284,0.00294828,0.000527734,0.000267385,0.0,0.0,0.0,0.00216019,0.0,0.00509439,0.0,0.0,0.0,0.0,0.0,0.0,0.0,0.0,0.0,0.0,0.0,0.0,0.0,0.0,0.0,0.0,0.0118986,0.000253312,0.000253312,0.0,0.0,0.0,0.0,0.000358859,0.0,0.0,0.000506625,0.0100481,0.0,0.0,0.0,0.00667056,0.00216723,0.0,0.0,0.0056362,0.0,0.000168875,0.0,0.0,0.00184355,0.0431827,0.0,0.0,0.000112583,0.0,0.000168875,0.0,0.0,0.0,0.0,0.0,0.000133693,0.000239239,0.000246276,0.0,0.302131,0.0,0.000534771,0.0,0.000731791,0.000745864,0.0,0.0,0.0,0.0,0.0,0.0,0.0,0.0570234,0.0,0.000182948,0.0,0.0,0.0,0.0
2020-12,0.0,0.0,0.0,0.0,0.0,0.0,0.000502788,0.0,0.0,0.0,0.000861923,0.0,0.0,0.00171872,0.00152889,0.000189828,0.0,0.0,0.000661834,0.0,0.0,0.00283716,0.0,0.0,0.0,0.0,0.0,0.0,0.0,0.000128262,0.0093375,0.0,0.0,0.000430962,0.00093888,0.0,0.0,0.0,0.0,0.0332046,0.0017495,0.0,0.0,0.0,0.000574615,0.0,0.0,0.0,0.00136984,0.0,0.000277047,0.000241133,0.0,0.0,0.0,0.0,0.0,0.0,0.00132367,0.000810618,0.0,0.0,0.0,0.0,0.0869311,0.0,0.0,0.0,0.0,0.000128262,0.000605398,0.0,0.231201,0.0,0.0,0.00010261,0.0,0.0,0.0,0.0,0.0,0.00150323,0.00750591,0.0,0.0,0.0,0.0,0.0,0.0,0.0122824,0.000338613,0.00106714,0.00231385,0.0,0.0,0.0,0.00010774,0.0,0.0,0.0,0.0,0.0,0.0,0.0,0.0,0.0,0.00313986,0.0,0.0,0.0,0.00167767,0.0161713,0.0,0.00142115,0.0,0.000184698,0.0,0.00150323,0.00648494,0.0,0.00796253,0.0,0.0280125,0.0,0.0,0.0,0.000112871,0.00093888,0.0,0.0,0.0,0.0,0.0,0.0,0.0020522,0.000389918,0.0,0.0,0.0,0.000133393,0.00214968,0.00680304,0.0,0.0,0.000143654,0.000159045,0.000559224,0.0,0.0,0.0,0.0,0.0,0.0,0.0,0.0,0.0,0.00408387,0.0,0.0,0.0,0.0,0.0,0.0,0.0,0.000282177,0.000266786,0.0,0.0,0.0,0.0113179,0.000251394,0.0,0.0,0.00010261,0.000148784,0.000595137,0.0,0.00021035,0.000928619,0.0,0.00309369,0.0,0.0,0.000174437,0.0,0.0,0.000384787,0.00020522,0.0,0.00141602,0.00330404,0.00176489,0.00166741,0.000538702,0.000677225,0.0,0.0,0.0,0.00115949,0.0,0.00245751,0.000364265,0.0,0.0,0.0,0.0,0.0,0.0,0.0,0.0,0.0,0.0,0.0,0.0,0.0,0.0,0.0,0.0111793,0.00142628,0.000153915,0.0,0.0,0.0,0.0,0.000497658,0.0,0.0,0.000579746,0.00887575,0.0,0.0,0.0,0.00926054,0.00218046,0.0,0.0,0.012108,0.0,0.000128262,0.0,0.0,0.00333482,0.0457127,0.0,0.0,0.0,0.0,0.000779835,0.0,0.0,0.0,0.0,0.0,0.0,0.0,0.000487397,0.0,0.310277,0.0,0.00052331,0.000194959,0.000908097,0.00368883,0.0,0.0,0.000138523,0.0,0.0,0.0,0.0,0.0657421,0.0,0.0,0.0,0.0,0.000169306,0.000805488
2021-01,0.0,0.0,0.0,0.0,0.0,0.0,0.000313203,0.0,0.0,0.0,0.000448817,0.0,0.00032289,0.000797538,0.0030836,0.0,0.0,0.0,0.000358408,0.0,0.0,0.00835316,0.000142072,0.0,0.0,0.0,0.0,0.0,0.0,0.000274456,0.00913456,0.0,0.0,0.000774936,0.00029383,0.0,0.0,0.0,0.000138843,0.035957,0.00140457,0.0,0.0,0.0,0.000565058,0.0,0.000339035,0.0,0.000929923,0.0,0.0,0.00026477,0.0,0.0,0.0,0.000258312,0.0,0.00011624,0.000897634,0.00118824,0.0,0.0,0.0,0.0,0.0476521,0.0,0.0,0.000229252,0.0,0.000129156,0.000313203,0.0,0.275367,0.0,0.0,0.000219565,0.0,0.0,0.0,0.0,0.0,0.00436547,0.0212946,0.000361637,0.0,0.0,0.0,0.000271228,0.0,0.0399576,0.000965441,0.000232481,0.000813683,0.0,0.000132385,0.0,0.000196963,0.0,0.0,0.0,0.0,0.0,0.0,0.0,0.0,0.0,0.00146915,0.0,0.000119469,0.0,0.000726503,0.00748459,0.0,0.00273165,0.0,0.000390697,0.0,0.00315141,0.0103325,0.0,0.00674517,0.0,0.0275587,0.0,0.0,0.000229252,0.0,0.00052954,0.0,0.0,0.0,0.0,0.0,0.0,0.000584431,0.000523082,0.0,0.0,0.0,0.0,0.00131093,0.00187922,0.0,0.0,0.000171132,0.00109137,0.000965441,0.0,0.0,0.0,0.0,0.0,0.0,0.0,0.0,0.00218597,0.0027155,0.0,0.0,0.0,0.0,0.0,0.0,0.0,0.000125927,0.000455275,0.0,0.0,0.0,0.0124313,0.00023571,0.0,0.0,0.000100096,0.0,0.00140457,0.0,0.000397155,0.00505969,0.0,0.00591212,0.0,0.0,0.0,0.0,0.0,0.000368095,0.0,0.000280914,0.0013077,0.00397155,0.00183724,0.00363574,0.000445588,0.000154987,0.0,0.0,0.000490793,0.00085243,0.0,0.000845972,0.000303517,0.0,0.0,0.0,0.0,0.0,0.0,0.0,0.0,0.0,0.0,0.0,0.0,0.0,0.0,0.0,0.0107135,0.000926694,0.0,0.0,0.0,0.000142072,0.0,0.000471419,0.0,0.0,0.000565058,0.00679038,0.0,0.0,0.0,0.00530508,0.00119146,0.0,0.0,0.0163447,0.0,0.000361637,0.0,0.00011624,0.0155536,0.0358376,0.0,0.0,0.0,0.0,0.000784623,0.0,0.0,0.0,0.0,0.0,0.0,0.000180818,0.00184047,0.0,0.292261,0.0,0.000125927,0.000177589,0.00119792,0.00121084,0.0,0.0,0.000251854,0.0,0.0,0.0,0.000180818,0.0312073,0.0,0.0,0.0,0.0,0.000303517,0.0005586
2021-02,0.0,0.0,0.0,0.0,0.0,0.0,0.000270428,0.0,0.0,0.0,0.000378599,0.0,0.00079025,0.000378599,0.00293865,0.0,0.0,0.000129204,0.000213337,0.0,0.0,0.0115953,0.0,0.000261414,0.0,0.0,0.0,0.000123195,0.0,0.0,0.0106789,0.0,0.0,0.00160754,0.0,0.0,0.0,0.0,0.0,0.0324784,0.000784241,0.0,0.0,0.0,0.000627993,0.0,0.0,0.0,0.00024639,0.0,0.000171271,0.000333528,0.000450713,0.0,0.0,0.00268625,0.0,0.000165261,0.000453718,0.00359669,0.0,0.0,0.0,0.0,0.0278811,0.000156247,0.0,0.0,0.0,0.0,0.0,0.0,0.198996,0.0,0.0,0.00181788,0.0,0.0,0.0,0.0,0.0,0.00930272,0.0228211,0.0001262,0.0,0.0,0.000216342,0.000378599,0.0,0.100266,0.000615974,0.000432684,0.00193807,0.0,0.0,0.0,0.0,0.0,0.0,0.0,0.0,0.0,0.0,0.0,0.0,0.0,0.000198314,0.0,0.0,0.0,0.0,0.00993371,0.0,0.00155045,0.0,0.000201318,0.000231366,0.00986761,0.00944394,0.0,0.0187647,0.00024639,0.00915548,0.0,0.0,0.0,0.0,0.000649027,0.0,0.0,0.0,0.0,0.0,0.0,0.00262315,0.000468742,0.0,0.0,0.000351556,0.0,0.00564293,0.00329021,0.0,0.0,0.000168266,0.000162257,0.000585927,0.0,0.0,0.0,0.0,0.0,0.0,0.0,0.0,0.0,0.0076501,0.0,0.0,0.0,0.0,0.0,0.0,0.0,0.0,0.000225357,0.0,0.000426675,0.0,0.0159703,0.000123195,0.0,0.0,0.0,0.0,0.000763207,0.0,0.000288456,0.00892712,0.0,0.00851848,0.0,0.0,0.0,0.0,0.0,0.000339537,0.000363575,0.000372589,0.00112678,0.00232868,0.00508404,0.00310091,0.0,0.000558884,0.0,0.0,0.00166463,0.00121092,0.0,0.00176079,0.000114181,0.0,0.0,0.0,0.0,0.0,0.0,0.0,0.0,0.0,0.0,0.0,0.0,0.0,0.0,0.000354561,0.0186295,0.000381604,0.0,0.0,0.0,0.0,0.0,0.000291461,0.0,0.000132209,0.000952507,0.00860261,0.0,0.0,0.0,0.00198614,0.00142726,0.0,0.0,0.0179534,0.0,0.000324513,0.0,0.000108171,0.0539954,0.0170009,0.0,0.0,0.0,0.0,0.000480761,0.0,0.0,0.0,0.000210333,0.0,0.0,0.0001262,0.00481061,0.0,0.273183,0.0,0.0,0.0,0.000582922,0.0,0.0,0.0,0.000456723,0.0,0.0,0.0,0.0,0.0237916,0.0,0.0,0.0,0.0,0.000336532,0.000117185
2021-03,0.0,0.0,0.0,0.0,0.0,0.0,0.000489477,0.0,0.0,0.0,0.000739252,0.0,0.00049552,0.000602279,0.00286435,0.0,0.0,0.0,0.000487463,0.0,0.0,0.0132179,0.0,0.000286032,0.0,0.0,0.0,0.000239703,0.0,0.000143016,0.0131333,0.0,0.0,0.00265889,0.0,0.0,0.0,0.0,0.0,0.044055,0.000837953,0.0,0.0,0.0,0.000771481,0.0,0.000191359,0.0,0.000594221,0.0,0.0,0.00033639,0.000390776,0.0,0.0,0.00317052,0.0,0.000269917,0.000370633,0.0021956,0.0,0.0,0.0,0.0,0.0327507,0.000215531,0.0,0.000181288,0.0,0.0,0.000360561,0.0,0.127333,0.0,0.0,0.00393596,0.0,0.0,0.0,0.0,0.0,0.00650823,0.03378,0.0,0.0,0.0,0.000267903,0.000277975,0.0,0.128714,0.000290061,0.000306175,0.00386949,0.0,0.0,0.0,0.0,0.0,0.0,0.0,0.0,0.0,0.0,0.0,0.0,0.0,0.00068688,0.0,0.0,0.0,0.000292075,0.013941,0.0,0.00111593,0.0,0.0,0.0,0.00720519,0.00381712,0.0,0.0228241,0.0,0.0117193,0.0,0.0,0.0,0.0,0.00120456,0.0,0.0,0.0,0.0,0.0,0.0,0.004645,0.000406891,0.0,0.0,0.0,0.0,0.00623026,0.00363986,0.0,0.0,0.000177259,0.0,0.000304161,0.0,0.0,0.0,0.0,0.0,0.0,0.0,0.00024776,0.0,0.00563805,0.0,0.0,0.0,0.0,0.0,0.0,0.0,0.0,0.000191359,0.0,0.000654651,0.0,0.0182899,0.000120859,0.0,0.0,0.0,0.0,0.000171216,0.0,0.000106758,0.0075738,0.0,0.00763222,0.0,0.0,0.00072918,0.0,0.0,0.000384733,0.00176655,0.000155102,0.00111996,0.00329541,0.00906641,0.0023366,0.000545878,0.000420991,0.0,0.0,0.000670765,0.00131736,0.0,0.00173835,0.0,0.0,0.0,0.0,0.0,0.0,0.0,0.0,0.0,0.0,0.0,0.0,0.0,0.0,0.0,0.0,0.022943,0.000672779,0.0,0.0,0.0,0.0,0.0,0.000348476,0.0,0.0,0.00512642,0.00688894,0.0,0.0,0.0,0.00187734,0.00134153,0.0,0.0,0.0142694,0.0,0.000147045,0.000120859,0.00013093,0.0551921,0.0151033,0.0,0.0,0.0,0.0,0.000207474,0.0,0.0,0.0,0.0,0.0,0.0,0.000292075,0.00355929,0.0,0.286916,0.0,0.0,0.0,0.0,0.0,0.0,0.0,0.000326318,0.0,0.0,0.0,0.0,0.012388,0.0,0.0,0.0,0.0,0.0,0.0
2021-04,0.0,0.0,0.0,0.0,0.0,0.0,0.000203018,0.0,0.0,0.0,0.00150391,0.0,0.000532184,0.000719434,0.00197302,0.0,0.0,0.000136003,0.000488821,0.0,0.0,0.0130582,0.0,0.0,0.0,0.0,0.0,0.0,0.0,0.0,0.0179642,0.0,0.0,0.00139156,0.0,0.0,0.0,0.000173453,0.0,0.0567249,0.00123782,0.0,0.0,0.0,0.00198485,0.0,0.000214845,0.0,0.00281269,0.0,0.0,0.000264121,0.0,0.0,0.0,0.0026077,0.0,0.000238497,0.000370558,0.00264712,0.0,0.0,0.0,0.0,0.0291598,0.000147829,0.0,0.0,0.0,0.000250324,0.000315368,0.000185279,0.0659692,0.0,0.0,0.00193557,0.0,0.0,0.0,0.0,0.0,0.0027851,0.0217604,0.000268063,0.0,0.0,0.000226671,0.0,0.0,0.155891,0.000327195,0.0,0.00366025,0.0,0.0,0.0,0.000110379,0.0,0.0,0.0,0.0,0.0,0.0,0.0,0.0,0.0,0.000589345,0.0,0.0,0.0,0.000476995,0.0267137,0.0,0.000855437,0.0,0.00020499,0.0,0.0066937,0.0027575,0.0,0.0175857,0.0,0.0308667,0.0,0.0,0.0,0.000173453,0.000821929,0.0,0.0,0.0,0.0,0.0,0.0,0.0034316,0.00024244,0.0,0.0,0.0,0.0,0.00779749,0.00459058,0.0,0.0,0.000258208,0.000118263,0.000735203,0.0,0.0,0.000185279,0.0,0.0,0.0,0.0,0.0,0.0,0.00538295,0.0,0.0,0.0,0.000297629,0.0,0.0,0.0,0.0,0.0,0.0,0.000114321,0.0,0.0157783,0.00011235,0.0,0.0,0.0,0.0,0.0,0.0,0.000260179,0.00479163,0.0,0.00765557,0.00013009,0.0,0.00035479,0.0,0.0,0.000384355,0.000640592,0.0,0.00166357,0.00191192,0.0116292,0.00334685,0.000660303,0.00050459,0.0,0.0,0.000476995,0.000760827,0.0,0.00297629,0.0,0.0,0.0,0.0,0.0,0.0,0.0,0.0,0.0,0.0,0.0,0.0,0.0,0.0,0.0,0.0,0.01076,0.00046714,0.0,0.0,0.0,0.0,0.0,0.000790392,0.0,0.000100524,0.00348679,0.00795911,0.0,0.0,0.0,0.0013009,0.00199471,0.0,0.0,0.0151101,0.0,0.000159655,0.0,0.000139945,0.0289291,0.0209109,0.0,0.0,0.0,0.0,0.000638621,0.0,0.0,0.000173453,0.0,0.0,0.000528242,0.000275947,0.000165568,0.0,0.344134,0.0,0.0,0.0,0.0,0.0,0.0,0.0,0.000380413,0.0,0.0,0.0,0.0,0.00417469,0.0,0.0,0.0,0.0,0.0,0.0
2021-05,0.000148762,0.0,0.0,0.0,0.0,0.0,0.0,0.0,0.0,0.0,0.00196,0.0,0.000602877,0.000587217,0.00292826,0.0,0.0,0.000234887,0.000495873,0.0,0.0,0.0171389,0.0,0.000109614,0.0,0.0,0.0,0.0,0.0,0.000247936,0.0251381,0.0,0.0,0.000469774,0.0,0.0,0.000125273,0.000339281,0.0,0.0516308,0.0,0.0,0.0,0.0,0.00334061,0.0,0.000503702,0.0,0.00206962,0.0,0.0,0.000232277,0.0,0.0,0.0,0.00295436,0.0,0.0,0.000550679,0.00229406,0.0,0.0,0.0,0.0,0.0605904,0.0,0.0,0.000498482,0.0,0.000597657,0.000467164,0.0,0.0984829,0.0,0.0,0.000960427,0.0,0.0,0.0,0.0,0.000104394,0.00311617,0.0202238,0.000219228,0.0,0.0,0.000156591,0.0,0.000164421,0.132857,0.000373209,0.0,0.00494046,0.0,0.0,0.0,0.000125273,0.0,0.0,0.0,0.0,0.0,0.0,0.00054285,0.0,0.0,0.000112224,0.0,0.0,0.0,0.000289694,0.0288285,0.0,0.00257332,0.0,0.000122663,0.0,0.0113868,0.00106743,0.0,0.0148266,0.000140932,0.0452575,0.0,0.0,0.0,0.0,0.000952597,0.0,0.0,0.0,0.000148762,0.0,0.0,0.00311095,0.0,0.0,0.0,0.0,0.0,0.00817407,0.00307441,0.0,0.0,0.0,0.0,0.000827324,0.0,0.0,0.00017486,0.0,0.0,0.0,0.0,0.000190519,0.0,0.00952336,0.0,0.0,0.0,0.000310573,0.0,0.0,0.0,0.0,0.0,0.0,0.000143542,0.000313183,0.0184256,0.0,0.0,0.0,0.00017225,0.0,0.0,0.0,0.000130493,0.00693178,0.0,0.00918408,0.0,0.0,0.000495873,0.0,0.0,0.00071771,0.000480213,0.000143542,0.00189736,0.00197305,0.0114677,0.0030718,0.0,0.000443675,0.0,0.0,0.00117965,0.000824714,0.0,0.00285257,0.0,0.0,0.0,0.0,0.0,0.0,0.0,0.0,0.0,0.0,0.0,0.0,0.0,0.0,0.0,0.0,0.0197723,0.000438456,0.000125273,0.000120053,0.0,0.0,0.0,0.00145891,0.0,0.00035755,0.00503702,0.00537891,0.0,0.0,0.0,0.00366946,0.00151111,0.0,0.0,0.0212886,0.0,0.000266205,0.0,0.000253156,0.0334766,0.0191094,0.0,0.0,0.000114834,0.0,0.00324144,0.0,0.0,0.000271425,0.0,0.0,0.000709881,0.000597657,0.000331452,0.0,0.244032,0.0,0.000234887,0.0,0.000263595,0.0,0.0,0.0,0.0,0.0,0.0,0.000219228,0.000790786,0.00364336,0.0,0.0,0.0,0.0,0.000156591,0.0
2021-06,0.0,0.0,0.0,0.0,0.0,0.0,0.000261495,0.0,0.0,0.0,0.00263649,0.0,0.000335329,0.00143976,0.00429159,0.0,0.0,0.000399934,0.00111981,0.0,0.0,0.0102168,0.000141515,0.0,0.0,0.0,0.0,0.0,0.000126133,0.00071988,0.039455,0.0,0.0,0.000799867,0.0,0.0,0.0,0.000606053,0.0,0.038369,0.000110751,0.0,0.0,0.0,0.00471306,0.0,0.000646046,0.0,0.00222732,0.0,0.00016305,0.000341482,0.0,0.0,0.0,0.00175663,0.0,0.0,0.000249189,0.00204581,0.0,0.0,0.000104598,0.0,0.0167418,0.0,0.0,0.0,0.0,0.00114443,0.0,0.0,0.270853,0.0,0.0,0.000578365,0.000150744,0.0,0.0,0.0,0.000935229,0.00375938,0.0151667,0.000138439,0.0,0.0,0.0,0.0,0.000153821,0.0476536,0.000556831,0.0,0.000827555,0.0,0.0,0.0,0.000575289,0.0,0.0,0.0,0.0,0.0,0.0,0.0,0.0,0.000104598,0.000452233,0.0,0.0,0.0,0.000203043,0.0255158,0.0,0.00608822,0.0,0.000147668,0.000104598,0.00918924,0.00443311,0.0,0.0130624,0.0,0.0280938,0.0,0.0,0.000123056,0.0,0.00154744,0.0,0.0,0.000464538,0.00011998,0.0,0.0,0.00175048,0.0,0.0,0.000110751,0.0,0.0,0.00444542,0.00154436,0.0,0.0,0.0,0.000421468,0.000689116,0.0,0.0,0.0,0.0,0.000101522,0.0,0.0,0.000104598,0.0,0.0143668,0.0,0.0,0.0,0.000427621,0.0,0.000107674,0.0,0.0,0.000482997,0.0,0.000562983,0.00056606,0.0141976,0.0,0.0,0.0,0.000221502,0.0,0.000110751,0.0,0.0,0.0189138,0.0,0.00637433,0.000310718,0.0,0.000796791,0.0,0.0,0.000624512,0.0,0.000156897,0.00403318,0.00455924,0.00227962,0.00807866,0.000267648,0.000107674,0.0,0.0,0.00223347,0.000716804,0.0,0.00554677,0.000393781,0.0,0.0,0.0,0.0,0.0,0.0,0.0,0.0,0.0,0.0,0.0,0.0,0.0,0.0,0.0,0.0457032,0.000867548,0.0,0.000212272,0.0,0.000123056,0.0,0.00114443,0.0,0.000353787,0.00422084,0.00307026,0.0,0.0,0.0,0.0103214,0.00394088,0.0,0.0,0.0281522,0.0,0.00060913,0.0,0.000276877,0.0224886,0.00634049,0.0,0.0,0.000295336,0.0,0.00241806,0.0,0.0,0.000144591,0.000209196,0.0,0.000110751,0.000649123,0.00521144,0.0,0.173885,0.0,0.00071988,0.000123056,0.00105213,0.0,0.0,0.0,0.0,0.000221502,0.0,0.000243037,0.000347635,0.0265187,0.0,0.0,0.0,0.0,0.000295336,0.0
2021-07,0.0,0.0,0.0,0.0,0.0,0.0,0.0,0.0,0.0,0.0,0.00130515,0.0,0.000242856,0.00414012,0.00249795,0.0,0.0,0.000419629,0.00128367,0.0,0.0,0.0109467,0.000120602,0.0,0.0,0.0,0.0,0.0,0.0,0.000285811,0.0199126,0.0,0.0,0.000892125,0.0,0.0,0.0,0.000346938,0.0,0.0151513,0.0025343,0.0,0.0,0.0,0.00319183,0.0,0.000209815,0.0,0.00327774,0.0,0.0,0.000300679,0.0,0.0,0.0,0.00147862,0.0,0.00018999,0.000332069,0.00173634,0.0,0.0,0.000327113,0.0,0.0324056,0.0,0.0,0.0,0.0,0.00168347,0.0,0.000178425,0.207492,0.0,0.0,0.000873953,0.000166861,0.000221379,0.0,0.0,0.000224683,0.00496451,0.0426948,0.000203206,0.0,0.0,0.0,0.000310592,0.0,0.0256321,0.000593098,0.000715352,0.00153313,0.0,0.0001586,0.0,0.000401456,0.000105733,0.0,0.0,0.0,0.0,0.0,0.0,0.0,0.0,0.0,0.0,0.0,0.0,0.00200893,0.012194,0.0,0.00326121,0.0,0.0,0.000148688,0.00859084,0.00292915,0.0,0.0158881,0.000201554,0.0410361,0.0,0.0,0.0,0.0,0.00118124,0.0,0.000216423,0.0,0.000105733,0.0,0.0,0.000644313,0.000201554,0.0,0.0,0.0,0.0,0.00281515,0.00230466,0.0,0.0,0.0,0.000551796,0.000789696,0.0,0.0,0.000115646,0.0,0.000442759,0.0,0.0,0.00011069,0.0,0.00837937,0.0,0.0,0.0,0.000487365,0.0,0.00011069,0.0,0.0,0.000437802,0.0,0.000282506,0.000332069,0.0143797,0.000115646,0.0,0.0,0.000218075,0.0,0.00073683,0.0,0.0,0.0231242,0.0,0.00331078,0.0,0.0,0.000540232,0.0,0.0,0.000469192,0.0,0.000254421,0.00200728,0.00404595,0.000720309,0.00399639,0.000583186,0.0,0.0,0.0,0.00188998,0.000417977,0.0,0.00282506,0.000170165,0.0,0.0,0.0,0.0,0.0,0.0,0.0,0.0,0.0,0.0,0.0,0.0,0.0,0.0,0.0,0.0162334,0.000761611,0.0,0.0,0.0,0.0,0.0,0.00184373,0.0,0.000239552,0.00192798,0.00251612,0.0,0.0,0.0,0.00638696,0.0038064,0.0,0.0,0.0224254,0.0,0.000327113,0.000115646,0.000135471,0.0107799,0.01076,0.0,0.0,0.0,0.0,0.0017033,0.0,0.0,0.0,0.000133819,0.0,0.00015034,0.0,0.00920211,0.0,0.32211,0.0,0.000173469,0.0,0.00123245,0.0,0.0,0.0,0.0,0.0,0.0,0.0,0.000315548,0.0267654,0.0,0.0,0.0,0.0,0.000148688,0.00011069
2021-08,0.0,0.0,0.0,0.0,0.0,0.0,0.0,0.0,0.0,0.0,0.00109417,0.0,0.00106529,0.00590293,0.00165248,0.0,0.0,0.000426757,0.000779713,0.0,0.0,0.00993733,0.0,0.000208565,0.0,0.0,0.0,0.0,0.0,0.0002952,0.0157226,0.0,0.0,0.00181077,0.0,0.0,0.0,0.000228887,0.000140113,0.0360176,0.000662061,0.0,0.0,0.0,0.00217122,0.0,0.000103748,0.0,0.00194233,0.0,0.0,0.000301618,0.0,0.0,0.0,0.00174981,0.0,0.000130487,0.000114444,0.00183751,0.0,0.0,0.0,0.0,0.0265712,0.0,0.0,0.0,0.0,0.000904853,0.0,0.0,0.152939,0.0,0.0,0.000856722,0.000102678,0.000272739,0.0,0.0,0.0,0.00280868,0.0301382,0.000389322,0.0,0.0,0.0,0.000195731,0.0,0.0584068,0.000189313,0.00032087,0.000264183,0.0,0.0003936,0.0,0.000281296,0.0,0.0,0.0,0.0,0.0,0.0,0.0,0.0,0.0,0.0,0.0,0.0,0.0,0.00250706,0.00865706,0.0,0.00163109,0.0,0.0,0.000116583,0.00608797,0.00407932,0.0,0.00846026,0.0,0.062606,0.0,0.0,0.0,0.000210704,0.000824635,0.0,0.000243861,0.0,0.0,0.0,0.000316591,0.000766879,0.000142252,0.0,0.0,0.0,0.0,0.00319158,0.000946566,0.0,0.0,0.0,0.0,0.00153697,0.000109096,0.0,0.0,0.0,0.000278087,0.0,0.0,0.0,0.0,0.00565693,0.0,0.0,0.0,0.000252417,0.0,0.000116583,0.0,0.0,0.0,0.0,0.0,0.000437452,0.00736503,0.00144819,0.0,0.0,0.000236374,0.0,0.00132305,0.0,0.0,0.0113064,0.0,0.00408574,0.0,0.0,0.000642809,0.0,0.0,0.000327287,0.000408574,0.000190383,0.00159258,0.00226106,0.00145354,0.00263327,0.00112839,0.000851374,0.0,0.0,0.00182789,0.000798966,0.0,0.00202255,0.0,0.0,0.0,0.0,0.0,0.0,0.0,0.0,0.0,0.0,0.0,0.0,0.0,0.0,0.0,0.0,0.0133984,0.000209635,0.0,0.000174339,0.0,0.0,0.0,0.00169419,0.0,0.000776505,0.00225785,0.00494353,0.0,0.0,0.0,0.00314987,0.0022985,0.0,0.0,0.0109021,0.0,0.000306965,0.0,0.000109096,0.0130712,0.0176286,0.0,0.0,0.0,0.0,0.000670618,0.0,0.0,0.0,0.000141183,0.0,0.000408574,0.000109096,0.0282205,0.0,0.356941,0.0,0.0,0.0,0.000620348,0.0,0.0,0.0,0.0,0.0,0.0,0.0,0.00127385,0.0284045,0.0,0.0,0.0,0.0,0.0,0.0
2021-09,0.0,0.0,0.0,0.0,0.0,0.0,0.000199943,0.0,0.0,0.0,0.000842968,0.0,0.00042457,0.00837908,0.00205867,0.0,0.0,0.000457894,0.000436912,0.0,0.0,0.00829639,0.0,0.0,0.0,0.0,0.0,0.000220924,0.0,0.000261653,0.0166545,0.0,0.0,0.00213396,0.0,0.0,0.0,0.000314725,0.000222159,0.0265072,0.000114782,0.0,0.0,0.0,0.00377916,0.0,0.000457894,0.0,0.00198462,0.0,0.0,0.000195006,0.0,0.0,0.0,0.00200066,0.0,0.000143169,0.000329535,0.00341137,0.0,0.0,0.0,0.0,0.0138602,0.0,0.0,0.0,0.0,0.000493686,0.000128358,0.0,0.173377,0.0,0.0,0.000894805,0.0,0.0,0.0,0.0,0.0,0.00216851,0.0139108,0.000859013,0.0,0.0,0.0,0.0,0.0,0.0939657,0.000294977,0.0,0.00152672,0.0,0.0,0.0,0.000361625,0.0,0.0,0.0,0.0,0.0,0.0,0.0,0.0,0.0,0.00010244,0.0,0.0,0.0,0.0,0.0122804,0.0,0.00101699,0.0,0.0,0.0,0.00608961,0.00409512,0.0,0.00769039,0.0,0.0229798,0.0,0.0,0.000145637,0.000156745,0.000586252,0.0,0.000434443,0.0,0.0,0.0,0.000278932,0.000828158,0.000161682,0.0,0.0,0.0,0.0,0.0024314,0.00160695,0.0,0.0,0.0,0.0,0.00210187,0.000259185,0.0,0.0,0.0,0.000103674,0.0,0.0,0.000167853,0.0,0.00655738,0.0,0.0,0.0,0.000119719,0.0,0.0,0.0,0.0,0.0,0.0,0.0,0.000654134,0.00687828,0.00113177,0.0,0.0,0.0,0.0,0.00096639,0.0,0.0,0.0147057,0.0,0.00572058,0.0,0.0,0.000661539,0.0,0.0,0.00031349,0.000697331,0.000108611,0.00237586,0.000177727,0.00379027,0.00254865,0.000760276,0.000465299,0.0,0.0,0.000944174,0.00259432,0.0,0.00154894,0.0,0.0,0.0,0.0,0.0,0.0,0.0,0.0,0.0,0.0,0.0,0.0,0.0,0.0,0.0,0.0,0.0281129,0.0,0.0,0.000176493,0.0,0.0,0.0,0.00183034,0.0,0.000397417,0.00424323,0.0056922,0.0,0.0,0.0,0.00213025,0.00320525,0.0,0.0,0.00833218,0.0,0.000365327,0.0,0.0,0.00999467,0.0148217,0.0,0.0,0.0,0.0,0.00153907,0.0,0.0,0.0,0.0,0.0,0.000259185,0.0001407,0.00594274,0.0,0.370051,0.0,0.0,0.0,0.000855311,0.0,0.0,0.0,0.0,0.0,0.0,0.0,0.000751637,0.0401157,0.0,0.0,0.0,0.0,0.0,0.0
2021-10,0.0,0.0,0.0,0.0,0.0,0.0,0.0,0.0,0.0,0.0,0.00152463,0.0,0.0,0.00514594,0.00187777,0.0,0.0,0.00122882,0.000337503,0.0,0.0,0.00981625,0.000108157,0.0,0.0,0.0,0.0,0.000216315,0.000427417,0.00023977,0.0133307,0.0,0.0,0.00272478,0.0,0.0,0.0,0.000377899,0.0,0.0239054,0.0,0.0,0.0,0.0,0.00373859,0.0,0.000106854,0.0,0.00209017,0.0,0.0,0.000402658,0.0,0.0,0.0,0.00204065,0.0,0.000140735,0.0,0.00563591,0.0,0.0,0.0,0.0,0.0325175,0.0,0.0,0.00037399,0.0,0.000182434,0.000118582,0.0,0.212851,0.0,0.0,0.000948657,0.0,0.0,0.0,0.0,0.0,0.00213317,0.0220784,0.0,0.0,0.0,0.0,0.0,0.000190253,0.0770862,0.000161584,0.000110763,0.000228042,0.0,0.0,0.0,0.000126401,0.0,0.0,0.0,0.0,0.0,0.0,0.0,0.0,0.0,0.0,0.0,0.0,0.0,0.00219572,0.0136812,0.0,0.000581182,0.0,0.0,0.0,0.00814698,0.00335809,0.0,0.00698071,0.0,0.00280818,0.0,0.0,0.000181131,0.0,0.00015116,0.0,0.000114673,0.0,0.0,0.0,0.000334897,0.00149596,0.000127704,0.0,0.0,0.0,0.0,0.00268178,0.00208366,0.0,0.0,0.0,0.0,0.00140344,0.000211102,0.0,0.0,0.0,0.000221527,0.0,0.0,0.000164191,0.0,0.00532707,0.0,0.0,0.0,0.0,0.0,0.0,0.0,0.0,0.0,0.0,0.0,0.000342715,0.00831769,0.00195726,0.0,0.0,0.0,0.0,0.000272348,0.0,0.0,0.0118126,0.0,0.00551211,0.0,0.0,0.000327078,0.0,0.0,0.000264529,0.000824862,0.0,0.00234297,0.0,0.00679957,0.00282251,0.0,0.0,0.0,0.0,0.000624185,0.00198071,0.0,0.00316914,0.0,0.0,0.0,0.0,0.0,0.0,0.0,0.0,0.0,0.0,0.0,0.0,0.0,0.0,0.0,0.0,0.021466,0.0,0.0,0.000117279,0.0,0.0,0.0,0.00127313,0.0,0.000118582,0.00655329,0.00793979,0.0,0.0,0.0,0.00100339,0.00380896,0.0,0.0,0.00675397,0.0,0.000349231,0.0,0.0,0.0103479,0.0157154,0.0,0.0,0.0,0.0,0.00299061,0.0,0.0,0.0,0.0,0.0,0.000308835,0.00020589,0.00232603,0.0,0.335957,0.0,0.0,0.000101642,0.000772738,0.0,0.0,0.0,0.0,0.0,0.0,0.00010946,0.00055512,0.0546168,0.0,0.0,0.0,0.0,0.0,0.0
2021-11,0.0,0.0,0.000151581,0.0,0.0,0.0,0.0,0.0,0.0,0.0,0.00167052,0.0,0.000132764,0.0048119,0.00149804,0.0,0.0,0.000982661,0.000304207,0.0,0.0,0.00916175,0.0,0.0,0.0,0.0,0.0,0.000174579,0.000342886,0.000208031,0.0108657,0.0,0.000300025,0.00219949,0.0,0.0,0.0,0.000327205,0.0,0.0250464,0.00016308,0.0,0.0,0.0,0.0016977,0.0,0.000264482,0.0,0.00136736,0.0,0.0,0.000317797,0.0,0.0,0.0,0.00185138,0.0,0.0,0.0,0.00409686,0.0,0.0,0.0,0.0,0.0529006,0.0,0.0,0.0,0.0,0.000239393,0.0,0.0,0.216425,0.0,0.0,0.00073386,0.0,0.0,0.0,0.0,0.0,0.00137468,0.0391381,0.0,0.0,0.0,0.0,0.0,0.000186078,0.0944212,0.0,0.000681591,0.00171443,0.0,0.0,0.0,0.0,0.0,0.0,0.0,0.0,0.0,0.0,0.0,0.0,0.0,0.000159944,0.0,0.0,0.0,0.00407909,0.00916593,0.0,0.000382611,0.0,0.0,0.0,0.00297621,0.00467914,0.0,0.00835367,0.0,0.000886486,0.0,0.0,0.000106629,0.00012231,0.000106629,0.0,0.0,0.0,0.0,0.0,0.000294798,0.00156494,0.000118128,0.0,0.0,0.0,0.000213258,0.00273682,0.00220785,0.0,0.0,0.0,0.0,0.00107884,0.000165171,0.0,0.000146354,0.0,0.000147399,0.0,0.0,0.0,0.0,0.00330446,0.0,0.0,0.0,0.0,0.0,0.0,0.0,0.0,0.0,0.0,0.0,0.000112902,0.00858261,0.00126282,0.0,0.0,0.0,0.0,0.000140081,0.0,0.0,0.0118526,0.0,0.00526874,0.0,0.0,0.0,0.0,0.0,0.000177715,0.000134855,0.000128582,0.00192246,0.0,0.00694971,0.00253401,0.000223712,0.000206986,0.0,0.0,0.0011541,0.000540464,0.0,0.00247024,0.0,0.0,0.0,0.0,0.0,0.0,0.0,0.0,0.0,0.0,0.0,0.0,0.0,0.0,0.0,0.0,0.0234793,0.0,0.0,0.000214304,0.0,0.0,0.0,0.00101716,0.0,0.0,0.00576948,0.00635385,0.0,0.0,0.0,0.00113529,0.00347904,0.0,0.0,0.00928929,0.0,0.000256119,0.0,0.0,0.0111563,0.0204488,0.0,0.0,0.0,0.0,0.00188901,0.0,0.0,0.0,0.0,0.0,0.000287481,0.000112902,0.00519974,0.0,0.295995,0.0,0.0,0.0,0.0004077,0.0,0.0,0.0,0.0,0.0,0.0,0.0,0.000413972,0.0483668,0.0,0.0,0.0,0.0,0.0,0.0
2021-12,0.0,0.0,0.000409555,0.0,0.0,0.0,0.0,0.0,0.0,0.0,0.00148513,0.0,0.000153086,0.0101603,0.00126147,0.0,0.0,0.00131813,0.000285297,0.0,0.0,0.00931042,0.000147122,0.000352893,0.0,0.0,0.0,0.000167003,0.000381721,0.000551706,0.00738889,0.0,0.000189866,0.00141157,0.0,0.0,0.0,0.000235594,0.000142151,0.0318648,0.000346929,0.0,0.0,0.0,0.00194837,0.0,0.0,0.0,0.000823086,0.0,0.0,0.000288279,0.0,0.0,0.0,0.00603497,0.0,0.000105371,0.000109347,0.00358957,0.0,0.0,0.0,0.0,0.0419297,0.0,0.0,0.00017595,0.0,0.000157062,0.000278338,0.0,0.223318,0.0,0.0,0.000738591,0.0,0.0,0.0,0.0,0.0,0.00213128,0.0294223,0.000115312,0.0,0.0,0.0,0.0,0.000255475,0.0965049,0.000223665,0.000403591,0.000970208,0.0,0.0,0.0,0.000129229,0.0,0.0,0.0,0.0,0.0,0.0,0.0,0.0,0.0,0.000377745,0.0,0.0,0.0,0.0131813,0.0146823,0.0,0.000987107,0.0,0.0,0.0,0.00315516,0.00499916,0.0,0.00959174,0.000170979,0.00247821,0.0,0.0,0.0,0.000126246,0.00120183,0.0,0.0,0.0,0.0,0.0,0.0,0.00135093,0.000139169,0.0,0.0,0.0,0.000233605,0.00372079,0.00227542,0.0,0.0,0.0,0.000113323,0.0014732,0.000189866,0.0,0.000177938,0.0,0.000124258,0.0,0.0,0.0,0.0,0.00402,0.0,0.0,0.0,0.0,0.0,0.00012724,0.0,0.0,0.0,0.0,0.000275356,0.000256469,0.0082249,0.000879748,0.0,0.0,0.0,0.0,0.000926469,0.0,0.0,0.00758472,0.0,0.00491864,0.0,0.0,0.000106365,0.0,0.0,0.000395638,0.0,0.000103383,0.00208456,0.000597433,0.00828752,0.00169488,0.000327048,0.000183902,0.0,0.0,0.00114616,0.000595445,0.0,0.00719604,0.0,0.0,0.0,0.0,0.0,0.0,0.000107359,0.0,0.0,0.0,0.0,0.0,0.0,0.0,0.0,0.000119288,0.0154856,0.000183902,0.0,0.000215712,0.0,0.0,0.0,0.0010885,0.0,0.000120282,0.00293548,0.00604591,0.0,0.0,0.0,0.00258457,0.00343947,0.0,0.0,0.0107588,0.0,0.000405579,0.0,0.0,0.0114974,0.0138911,0.0,0.0,0.0,0.0,0.00209251,0.0,0.0,0.0,0.0,0.0,0.000161039,0.0,0.0053272,0.0,0.298091,0.0,0.0,0.000190861,0.000314125,0.0,0.0,0.0,0.0,0.0,0.0,0.0,0.00054276,0.0341899,0.0,0.0,0.0,0.0,0.0,0.0
2022-01,0.0,0.0,0.00016793,0.0,0.0,0.0,0.0,0.0,0.0,0.0,0.000565299,0.0,0.0,0.00769354,0.00152113,0.0,0.0,0.000294854,0.000545773,0.0,0.0,0.0112201,0.0,0.000103492,0.0,0.0,0.0,0.000139616,0.0,0.000213818,0.0203918,0.0,0.00040518,0.00244768,0.0,0.0,0.0,0.000211865,0.000332931,0.0242971,0.000290949,0.0,0.0,0.0,0.00100367,0.0,0.000199173,0.0,0.00128877,0.0,0.0,0.000232368,0.0,0.0,0.0,0.0049471,0.0,0.000155238,0.000162072,0.0029173,0.0,0.0,0.0,0.0,0.0513671,0.0,0.0,0.0,0.0,0.000320239,0.000169883,0.0,0.218571,0.0,0.0,0.000404204,0.0,0.0,0.0,0.0,0.0,0.00192241,0.0259042,0.000145474,0.0,0.0,0.0,0.0,0.000236274,0.088548,0.0,0.0,0.000372961,0.0,0.0,0.0,0.0,0.0,0.0,0.0,0.0,0.0,0.0,0.0,0.0,0.0,0.00116379,0.0,0.0,0.0,0.00478894,0.0151703,0.0,0.00453802,0.0,0.0,0.000180622,0.00445308,0.0047987,0.0,0.00686463,0.000177693,0.0418156,0.0,0.0,0.0,0.000344647,0.000520388,0.0,0.0,0.0,0.0,0.0,0.0,0.00130243,0.000232368,0.0,0.0,0.0,0.0,0.00137273,0.00181696,0.0,0.0,0.0,0.0,0.00144303,0.0,0.0,0.0,0.0,0.0,0.0,0.0,0.000196244,0.00012009,0.00516483,0.0,0.000104468,0.0,0.0,0.0,0.0,0.0,0.0,0.0,0.0,0.0,0.000304617,0.00495491,0.00107788,0.0,0.0,0.0,0.0,0.000123019,0.0,0.0,0.0054177,0.0,0.0039981,0.0,0.0,0.000171835,0.0,0.0,0.000311452,0.000102515,0.000123995,0.00154359,0.00411917,0.0136912,0.00133758,0.000697105,0.000121066,0.0,0.0,0.000636572,0.001114,0.0,0.00443941,0.0,0.0,0.0,0.0,0.0,0.0,0.0,0.0,0.0,0.0,0.0,0.0,0.0,0.0,0.0,0.000241155,0.0145591,0.00032512,0.0,0.000152309,0.0,0.0,0.0,0.000812313,0.0,0.0,0.00637353,0.0048934,0.0,0.0,0.0,0.00154261,0.00296904,0.0,0.0,0.00780289,0.0,0.000189409,0.000129853,0.0,0.0100465,0.0108159,0.0,0.0,0.0,0.0,0.00274058,0.0,0.0,0.0,0.0,0.0,0.000185504,0.0,0.00302469,0.0,0.283832,0.0,0.0,0.0,0.000223581,0.000190386,0.0,0.0,0.0,0.0,0.0,0.0,0.000444234,0.0350144,0.0,0.0,0.0,0.0,0.000106421,0.0
2022-02,0.0,0.0,0.000347891,0.0,0.0,0.0,0.0,0.0,0.0,0.0,0.000390782,0.0,0.0,0.00720444,0.00315247,0.0,0.0,0.00217789,0.000218028,0.0,0.0,0.0121881,0.0,0.0,0.0,0.0,0.0,0.0,0.0,0.000162031,0.0128505,0.0,0.00040627,0.0021767,0.0,0.0,0.0,0.000360997,0.0,0.0197655,0.000258536,0.0,0.0,0.0,0.000886408,0.0,0.000207305,0.0,0.000512305,0.0,0.0,0.000366954,0.0,0.0,0.0,0.0028153,0.0,0.00010961,0.0,0.00282483,0.0,0.0,0.0,0.0,0.0593881,0.0,0.0,0.0,0.0,0.000380059,0.0,0.0,0.251113,0.0,0.0,0.00048252,0.0,0.0,0.0,0.0,0.0,0.00203731,0.0251459,0.0,0.0,0.0,0.0,0.0,0.000175137,0.142013,0.0,0.0,0.00226248,0.0,0.0,0.0,0.0,0.0,0.0,0.0,0.0,0.0,0.0,0.0,0.0,0.0,0.00157504,0.0,0.0,0.0,0.00197416,0.013563,0.0,0.00228274,0.0,0.000436055,0.0,0.00146901,0.00651581,0.0,0.00461671,0.000151309,0.0249028,0.0,0.0,0.0,0.0,0.0,0.0,0.000162031,0.0,0.0,0.0,0.0,0.00177043,0.000100078,0.0,0.0,0.0,0.000271641,0.00212309,0.00288082,0.0,0.0,0.0,0.0,0.00202539,0.0,0.0,0.0,0.0,0.000100078,0.0,0.0,0.000644552,0.0,0.00317391,0.0,0.0,0.0,0.0,0.0,0.0,0.0,0.0,0.0,0.0,0.0,0.0,0.00561511,0.00142254,0.0,0.0,0.0,0.0,0.0,0.0,0.0,0.00688276,0.0,0.00494673,0.0,0.0,0.000289512,0.0,0.0,0.000246621,0.000260918,0.000102461,0.00190983,0.00143803,0.00912738,0.00164414,0.000285938,0.0,0.0,0.0,0.000260918,0.00147854,0.0,0.00273786,0.0,0.0,0.0,0.0,0.0,0.0,0.0,0.0,0.0,0.0,0.0,0.0,0.0,0.0,0.0,0.0,0.0486059,0.0,0.0,0.0,0.0,0.0,0.0,0.000887599,0.0,0.0,0.00951339,0.00431885,0.0,0.0,0.0,0.000994826,0.00359805,0.0,0.0,0.00804677,0.0,0.000191817,0.0,0.0,0.0129315,0.0113541,0.0,0.0,0.0,0.0,0.00301188,0.0,0.0,0.0,0.0,0.0,0.000134629,0.0,0.00221483,0.0,0.196935,0.0,0.0,0.0,0.0,0.000356231,0.0,0.0,0.0,0.0,0.0,0.0,0.000677911,0.0324361,0.0,0.0,0.0,0.0,0.0,0.0
2022-03,0.0,0.0,0.0,0.0,0.0,0.0,0.0,0.0,0.0,0.0,0.000170579,0.0,0.0,0.011225,0.00383683,0.0,0.0,0.000663361,0.0,0.0,0.0,0.0115081,0.0,0.0,0.0,0.0,0.0,0.0,0.0,0.0,0.00575939,0.0,0.000488044,0.000964242,0.0,0.0,0.0,0.000242837,0.0,0.0227983,0.000210854,0.0,0.0,0.0,0.00143807,0.0,0.000386171,0.0,0.000310358,0.0,0.0,0.000380248,0.0,0.0,0.0,0.00222107,0.0,0.000133857,0.000206116,0.00359873,0.0,0.0,0.0,0.0,0.0685311,0.0,0.0,0.0,0.0,0.000159917,0.000100689,0.0,0.292639,0.0,0.0,0.000719036,0.0,0.0,0.0,0.0,0.0,0.0024651,0.0354247,0.0,0.0,0.0,0.0,0.0,0.0,0.158521,0.0,0.0,0.000952397,0.0,0.0,0.0,0.0,0.0,0.0,0.0,0.0,0.0,0.0,0.0,0.0,0.0,0.00104835,0.0,0.0,0.0,0.0,0.00235967,0.0,0.00176857,0.0,0.0,0.0,0.00522989,0.00985683,0.0,0.0059513,0.0,0.0241617,0.0,0.0,0.0,0.0,0.0,0.0,0.0,0.0,0.0,0.0,0.000316281,0.00115022,0.0,0.0,0.0,0.0,0.000272452,0.00225898,0.00344474,0.0,0.0,0.0,0.0,0.00489584,0.0,0.0,0.0,0.0,0.000162287,0.0,0.0,0.000465537,0.0,0.00126631,0.0,0.0,0.0,0.0,0.0,0.0,0.0,0.0,0.0,0.0,0.0,0.0,0.00691198,0.0017662,0.0,0.0,0.0,0.0,0.0,0.0,0.0,0.00919466,0.0,0.00632325,0.0,0.0,0.0,0.0,0.0,0.000174132,0.0,0.0,0.000836309,0.000261791,0.0028181,0.00240468,0.00033405,0.0,0.0,0.0,0.000666915,0.0011443,0.0,0.00112416,0.0,0.0,0.0,0.0,0.0,0.0,0.0,0.0,0.0,0.0,0.0,0.0,0.0,0.0,0.0,0.0,0.0733594,0.0,0.0,0.0,0.0,0.0,0.0,0.00129355,0.0,0.0,0.0107429,0.0043308,0.0,0.0,0.0,0.00144399,0.00371956,0.0,0.0,0.0102726,0.0,0.0,0.0,0.0,0.0102181,0.00909278,0.0,0.0,0.0,0.0,0.00277782,0.000425262,0.0,0.0,0.0,0.0,0.000105427,0.0,0.00169512,0.0,0.0967583,0.0,0.0,0.0,0.0,0.0037551,0.0,0.0,0.0,0.0,0.0,0.0,0.00130895,0.041588,0.0,0.0,0.0,0.0,0.000120826,0.0
2022-04,0.0,0.0,0.0,0.0,0.0,0.0,0.0,0.0,0.0,0.0,0.000181078,0.0,0.0,0.018314,0.00393172,0.0,0.0,0.00107033,0.0,0.0,0.0,0.012593,0.0,0.0,0.0,0.0,0.0,0.000150599,0.0,0.0,0.00497157,0.0,0.000150599,0.000462555,0.0,0.0,0.0,0.000161357,0.0,0.0383562,0.000354984,0.0,0.0,0.0,0.00233608,0.0,0.000778097,0.0,0.000744033,0.0,0.0,0.000677697,0.0,0.0,0.0,0.00227513,0.0,0.000177492,0.0,0.00575326,0.0,0.0,0.0,0.0,0.067352,0.0,0.0,0.0,0.0,0.0,0.0,0.0,0.124089,0.0,0.0,0.00123348,0.000197214,0.0,0.0,0.0,0.0,0.00280043,0.0505189,0.0,0.0,0.0,0.0,0.0,0.0,0.147322,0.0,0.0,0.00209943,0.0,0.0,0.0,0.000132671,0.0,0.0,0.0,0.0,0.0,0.0,0.0,0.0,0.0,0.0011277,0.0,0.0,0.0,0.0,0.003912,0.0,0.000971725,0.0,0.000139842,0.0,0.00739192,0.0145131,0.0,0.0110009,0.00040877,0.041639,0.0,0.0,0.0,0.00011295,0.0,0.0,0.000105778,0.0,0.0,0.0,0.000313749,0.000444627,0.0,0.0,0.0,0.0,0.0,0.00348889,0.00462555,0.0,0.0,0.0,0.0,0.00410742,0.0,0.0,0.0,0.0,0.000182871,0.0,0.0,0.000718933,0.0,0.0013052,0.0,0.0,0.0,0.0,0.0,0.0,0.0,0.0,0.0,0.0,0.0,0.0,0.00860389,0.00296358,0.0,0.0,0.0,0.0,0.0,0.0,0.0,0.00801583,0.0,0.00474388,0.0,0.0,0.0,0.0,0.0,0.000380084,0.0,0.0,0.000595226,0.000200799,0.00128368,0.00385642,0.00125141,0.0,0.0,0.0,0.000980689,0.00104882,0.0,0.00118328,0.0,0.0,0.0,0.0,0.0,0.0,0.0,0.0,0.0,0.0,0.0,0.0,0.0,0.0,0.0,0.0,0.0522706,0.0,0.000197214,0.000102192,0.0,0.0,0.0,0.00191656,0.0,0.000175699,0.0100346,0.00367176,0.0,0.000190042,0.0,0.00452695,0.00745288,0.0,0.0,0.0137816,0.0,0.0,0.0,0.0,0.00617996,0.00450005,0.0,0.0,0.000783476,0.0,0.00282733,0.0,0.0,0.0,0.0,0.0,0.000123707,0.0,0.00294924,0.0,0.250309,0.0,0.0,0.0,0.0,0.0001255,0.0,0.0,0.0,0.0,0.0,0.0,0.00115101,0.0137781,0.0,0.0,0.0,0.0,0.0,0.0
2022-05,0.0,0.0,0.0,0.0,0.0,0.0,0.0,0.0,0.0,0.0,0.000886576,0.0,0.000234922,0.0239355,0.00775243,0.0,0.0,0.00129922,0.0,0.0,0.0,0.0101752,0.000151167,0.0,0.0,0.0,0.0,0.0,0.0,0.000404475,0.0152127,0.0,0.000214494,0.000365661,0.0,0.0,0.0,0.0,0.0,0.0340841,0.000492315,0.0,0.0,0.0,0.00430418,0.0,0.00125428,0.0,0.00179766,0.0,0.0,0.00130331,0.0,0.0,0.0,0.00216537,0.0,0.000253307,0.0,0.00310914,0.0,0.0,0.0,0.0,0.0292223,0.0,0.0,0.000465759,0.0,0.000300292,0.000159338,0.0,0.0454625,0.0,0.0,0.00160973,0.000236965,0.0,0.0,0.0,0.0,0.00322354,0.0456014,0.000316634,0.0,0.0,0.0,0.0,0.0,0.126737,0.000181809,0.0,0.000224708,0.0,0.0,0.0,0.000192023,0.0,0.0,0.0,0.0,0.0,0.0,0.0,0.0,0.0,0.00170165,0.0,0.0,0.0,0.0,0.00747665,0.0,0.000635311,0.0,0.000171595,0.0,0.00751342,0.0173924,0.0,0.0106185,0.00133191,0.0475033,0.0,0.0,0.0,0.0,0.000283949,0.0,0.0,0.000118482,0.0,0.0,0.0,0.000639397,0.0,0.0,0.0,0.0,0.000134825,0.0,0.00584445,0.0,0.0,0.0,0.0,0.00292529,0.0,0.0,0.0,0.0,0.000279864,0.0,0.0,0.000907004,0.0,0.00477811,0.0,0.0,0.0,0.000177724,0.0,0.0,0.0,0.000112354,0.0,0.0,0.000261479,0.0,0.00821206,0.00463103,0.0,0.0,0.0,0.0,0.0,0.0,0.0,0.00182218,0.0,0.00341352,0.0,0.0,0.000124611,0.0,0.0,0.000741537,0.0,0.000281907,0.0024677,0.000375875,0.000725194,0.00546041,0.00105613,0.000122568,0.0,0.0,0.00163628,0.000196109,0.0,0.0010357,0.0,0.0,0.0,0.0,0.0,0.0,0.0,0.0,0.0,0.0,0.0,0.0,0.0,0.0,0.0,0.0,0.013746,0.0,0.000516829,0.0,0.0,0.0,0.0,0.00281907,0.0,0.0,0.00428988,0.00161586,0.0,0.0,0.0,0.00550535,0.00920895,0.0,0.0,0.0200685,0.0,0.0,0.0,0.0,0.00540934,0.0050212,0.0,0.0,0.00287014,0.0,0.00440019,0.000337062,0.0,0.0,0.0,0.0,0.00030642,0.0,0.00157091,0.0,0.408644,0.0,0.0,0.0,0.0,0.0,0.0,0.0,0.0,0.0,0.0,0.0,0.000522957,0.0041571,0.0,0.0,0.0,0.0,0.0,0.0
2022-06,0.0,0.0,0.000178044,0.0,0.0,0.0,0.0,0.0,0.0,0.0,0.0011013,0.0,0.00012665,0.0172776,0.00805051,0.0,0.0,0.000269819,0.000427672,0.0,0.0,0.0127421,0.0,0.0,0.0,0.0,0.0,0.000132156,0.0,0.00145188,0.0196858,0.0,0.000739707,0.000198234,0.0,0.0,0.000161524,0.0,0.0,0.0256713,0.000378113,0.0,0.0,0.0,0.00432261,0.0,0.000365265,0.0,0.0032984,0.0,0.0,0.00123896,0.0,0.0,0.0,0.00197316,0.0,0.000190892,0.0,0.0033553,0.0,0.0,0.0,0.0,0.0324609,0.000113801,0.0,0.000145005,0.0,0.000594703,0.00027349,0.0,0.0822415,0.0,0.0,0.000890219,0.0,0.0,0.0,0.0,0.0,0.00294047,0.0508489,0.000521283,0.0,0.0,0.0,0.0,0.000326719,0.122443,0.0010187,0.0,0.00200437,0.0,0.000102788,0.0,0.000222096,0.0,0.0,0.0,0.0,0.0,0.0,0.000104624,0.0,0.0,0.00280648,0.0,0.0,0.0,0.000591032,0.0221876,0.0,0.00725758,0.0,0.000170702,0.0,0.0140361,0.0253208,0.0,0.00876452,0.000589196,0.0318276,0.0,0.0,0.0,0.000122979,0.00154733,0.0,0.0,0.000176208,0.0,0.0,0.0,0.000668123,0.0,0.0,0.0,0.0,0.000100953,0.0,0.00489528,0.0,0.0,0.0,0.0,0.00371139,0.0,0.0,0.0,0.0,0.000277161,0.0,0.0,0.000569006,0.0,0.0107046,0.0,0.0,0.0,0.000104624,0.0,0.0,0.0,0.000791101,0.000108295,0.0,0.0,0.0,0.00835337,0.00443641,0.0,0.0,0.000150511,0.0,0.000117472,0.0,0.0,0.00223381,0.0,0.00379031,0.0,0.0,0.000848002,0.0,0.0,0.00075072,0.0,0.000596538,0.00641325,0.000941613,0.000519447,0.00338834,0.00166297,0.000240451,0.0,0.0,0.00203007,0.000225767,0.0,0.000941613,0.0,0.0,0.0,0.0,0.0,0.0,0.0,0.0,0.0,0.0,0.0,0.0,0.0,0.0,0.0,0.000102788,0.0212129,0.0,0.000368936,0.0,0.0,0.0,0.0,0.00326719,0.0,0.000100953,0.00297535,0.00156568,0.0,0.0,0.0,0.00184284,0.00726308,0.0,0.0,0.0175841,0.0,0.0,0.0,0.0,0.00809824,0.00492649,0.0,0.0,0.000343239,0.0,0.00353518,0.0,0.0,0.0,0.0,0.0,0.000247793,0.000124814,0.00222279,0.0,0.338364,0.0,0.000251464,0.0,0.0,0.000100953,0.0,0.0,0.0,0.0,0.0,0.0,0.000345074,0.00756227,0.0,0.0,0.0,0.0,0.0,0.0
2022-07,0.0,0.0,0.000207846,0.000269551,0.0,0.0,0.0,0.0,0.0,0.0,0.00142894,0.0,0.000211094,0.0166407,0.00532281,0.0,0.0,0.000712848,0.000118537,0.0,0.0,0.011654,0.000120161,0.0,0.0,0.0,0.0,0.000180242,0.0,0.000168875,0.0168355,0.0,0.000194856,0.000542349,0.0,0.0,0.000108794,0.000206222,0.000241946,0.0282184,0.000485516,0.0,0.0,0.0,0.00352689,0.0,0.000238698,0.0,0.00144356,0.0,0.0,0.00115127,0.0,0.0,0.0,0.00302514,0.0,0.000157508,0.0,0.00351715,0.0,0.0,0.0,0.0,0.0299721,0.0,0.0,0.000332879,0.0,0.00125682,0.000610548,0.000173746,0.0902312,0.0,0.0,0.000556963,0.0,0.0,0.0,0.0,0.0,0.00277182,0.042688,0.000298779,0.0,0.0,0.0,0.0,0.000264679,0.0894843,0.0,0.0,0.00236912,0.0,0.0,0.0,0.00048714,0.0,0.0,0.0,0.0,0.0,0.0,0.0,0.0,0.0,0.00237886,0.0,0.0,0.0,0.000751819,0.0199678,0.0,0.00642862,0.0,0.000475773,0.0,0.00522214,0.0331271,0.0,0.0109476,0.00050013,0.0887276,0.0,0.0,0.0,0.00035074,0.000438426,0.0,0.000146142,0.0,0.0,0.0,0.0,0.00121785,0.0,0.0,0.0,0.0,0.00011529,0.0,0.00457424,0.0,0.0,0.0,0.0,0.00488114,0.0,0.0,0.0,0.0,0.0,0.0,0.0,0.000784295,0.0,0.00924916,0.0,0.0,0.0,0.000108794,0.0,0.0,0.0,0.000176994,0.000126656,0.0,0.0,0.000178618,0.00808489,0.00314855,0.0,0.0,0.0,0.0,0.000368602,0.0,0.0,0.00258022,0.0,0.00217589,0.0,0.0,0.000738828,0.0,0.0,0.00029066,0.000248441,0.000651143,0.00887243,0.0020882,0.00145979,0.00237237,0.000787542,0.000451416,0.0,0.0,0.000766433,0.00113341,0.0,0.00770655,0.0,0.0,0.0,0.0,0.0,0.0,0.0,0.0,0.0,0.0,0.0,0.0,0.0,0.0,0.0,0.0,0.0161227,0.000261432,0.000448168,0.0,0.0,0.0,0.0,0.00280592,0.0,0.000134775,0.00777312,0.00330281,0.0,0.0,0.0,0.000776176,0.00617693,0.0,0.0,0.0166845,0.0,0.0,0.0,0.0,0.0131463,0.00424948,0.0,0.0,0.0,0.0,0.00259483,0.000214341,0.0,0.0,0.0,0.0,0.000552091,0.0,0.00174396,0.0,0.316743,0.0,0.0,0.000139647,0.0,0.000103923,0.0,0.0,0.0,0.0,0.0,0.000144518,0.000975903,0.00916472,0.0,0.0,0.0,0.0,0.0,0.0
2022-08,0.0,0.0,0.0,0.000250483,0.0,0.0,0.0,0.0,0.0,0.0,0.00136961,0.0,0.00033551,0.0221965,0.00870257,0.0,0.0,0.000712383,0.0,0.0,0.0,0.00949768,0.0,0.0,0.0,0.0,0.0,0.000204523,0.0,0.0,0.00710315,0.0,0.00134434,0.000659529,0.0,0.0,0.0,0.00035849,0.000742257,0.0362419,0.000280357,0.0,0.0,0.0,0.00437541,0.0,0.00050786,0.0,0.00144315,0.0,0.0,0.00154426,0.0,0.0,0.000342404,0.00338267,0.0,0.000110305,0.0,0.00611501,0.0,0.0,0.0,0.0,0.0322916,0.0,0.0,0.000466496,0.0,0.00175338,0.000719277,0.0,0.0542308,0.0,0.0,0.00126161,0.0,0.0,0.0,0.0,0.0,0.00246347,0.0308485,0.0,0.0,0.0,0.0,0.000163159,0.000494072,0.0825216,0.0,0.0,0.00179934,0.0,0.0,0.0,0.000641145,0.0,0.0,0.0,0.0,0.0,0.000884734,0.000142477,0.0,0.0,0.00316896,0.0,0.0,0.0,0.00093529,0.0154013,0.0,0.00742257,0.0,0.000546927,0.0,0.00618395,0.0144706,0.0,0.00806832,0.000645741,0.0870211,0.0,0.0,0.0,0.000818092,0.0,0.000174649,0.000268867,0.000110305,0.0,0.0,0.0,0.00406518,0.000114901,0.0,0.0,0.0,0.000172351,0.0,0.00630115,0.0,0.0,0.0,0.0,0.00476837,0.0,0.0,0.0,0.0,0.0,0.0,0.0,0.00120875,0.0,0.0106467,0.0,0.000105708,0.0,0.000165457,0.0,0.000110305,0.0,0.000105708,0.0,0.0,0.0,0.000158563,0.0104468,0.00534517,0.0,0.0,0.000108006,0.0,0.000418238,0.0,0.0,0.00152358,0.0,0.00293456,0.0,0.0,0.000730767,0.0,0.0,0.000576801,0.0,0.000333212,0.00822688,0.00373427,0.00412953,0.00247955,0.000395258,0.000560715,0.0,0.0,0.00161091,0.00170053,0.0,0.0187747,0.0,0.0,0.0,0.0,0.0,0.0,0.0,0.0,0.0,0.0,0.0,0.0,0.0,0.0,0.0,0.0,0.00961717,0.0,0.000183841,0.0,0.0,0.0,0.0,0.00355043,0.0,0.0,0.00818551,0.00340565,0.0,0.0,0.0,0.000721575,0.0139076,0.0,0.0,0.0118348,0.0,0.000179245,0.0,0.0,0.0149532,0.00569677,0.0,0.0,0.0,0.0,0.00270016,0.000193033,0.0,0.0,0.0,0.0,0.0009238,0.0,0.00341025,0.0,0.355578,0.0,0.0,0.000268867,0.0,0.0,0.0,0.0,0.0,0.0,0.0,0.0,0.00218311,0.00465807,0.0,0.0,0.0,0.0,0.0,0.0
2022-09,0.0,0.0,0.0,0.0,0.0,0.0,0.0,0.0,0.0,0.0,0.000529076,0.0,0.000247096,0.0212619,0.0121368,0.0,0.0,0.000479657,0.000473843,0.0,0.0,0.0114129,0.0,0.0,0.0,0.0,0.0,0.000104652,0.0,0.0,0.00192444,0.0,0.00111339,0.000258724,0.0,0.0,0.0,0.000244189,0.000255817,0.0451488,0.000209305,0.0,0.0,0.0,0.00340702,0.0,0.000462215,0.0,0.000470936,0.0,0.0,0.00131106,0.0,0.0,0.000232561,0.00437214,0.0,0.000168607,0.0,0.00800881,0.0,0.0,0.0,0.0,0.0434802,0.000113373,0.0,0.000392446,0.0,0.00039826,0.000343027,0.0,0.0601141,0.0,0.0,0.00204944,0.0,0.0,0.0,0.0,0.0,0.00151455,0.0387505,0.0,0.0,0.0,0.0,0.0,0.000348841,0.119123,0.00090408,0.0,0.00263084,0.0,0.0,0.0,0.000168607,0.00011628,0.0,0.0,0.0,0.0,0.0,0.0,0.0,0.0,0.00292736,0.0,0.0,0.0,0.000968034,0.0115118,0.0,0.00630821,0.0,0.0,0.0,0.00807277,0.0130641,0.0,0.00886348,0.000648263,0.0693787,0.0,0.0,0.0,0.0,0.0,0.0,0.0,0.000110466,0.0,0.0,0.000104652,0.00839835,0.0,0.0,0.0,0.0,0.000302329,0.0,0.00531111,0.0,0.0,0.0,0.0,0.00350004,0.0,0.000122094,0.0,0.0,0.0,0.0,0.0,0.00105234,0.0,0.00361632,0.0,0.0,0.0,0.000186049,0.0,0.0,0.0,0.0,0.0,0.0,0.0,0.000145351,0.0124972,0.00354074,0.0,0.0,0.0,0.0,0.00044768,0.0,0.0,0.00153781,0.0,0.00236921,0.0,0.0,0.000747102,0.0,0.0,0.000258724,0.0,0.0,0.00557565,0.00238956,0.00343609,0.00342446,0.000305236,0.00100292,0.0,0.0,0.00187793,0.000659891,0.0,0.0203491,0.0,0.0,0.0,0.0,0.0,0.0,0.0,0.0,0.0,0.0,0.0,0.0,0.0,0.0,0.0,0.000273259,0.00831696,0.0,0.000552332,0.0,0.0,0.0,0.0,0.00426749,0.0,0.0,0.00596228,0.00596519,0.0,0.0,0.0,0.00196223,0.0192386,0.0,0.0,0.00946523,0.0,0.0,0.0,0.0,0.0169624,0.00751172,0.0,0.0,0.0,0.0,0.00232852,0.000837219,0.0,0.0,0.0,0.0,0.000494192,0.0,0.00297969,0.0,0.313047,0.0,0.0,0.00019477,0.0,0.0,0.0,0.0,0.0,0.0,0.0,0.0,0.00141862,0.00668031,0.0,0.0,0.0,0.0,0.0,0.0
2022-10,0.0,0.0,0.0,0.0,0.0,0.0,0.0,0.0,0.0,0.0,0.000162068,0.0,0.00021609,0.0284189,0.0117199,0.0,0.0,0.000756316,0.000294123,0.0,0.0,0.0116689,0.0,0.0,0.0,0.0,0.0,0.0,0.0,0.0,0.00546528,0.0,0.00122751,0.000468196,0.0,0.0,0.0,0.000177074,0.0,0.0528131,0.000306128,0.000123051,0.0,0.0,0.00348746,0.0,0.00114648,0.0,0.000465194,0.0,0.0,0.00153664,0.0,0.0,0.000135056,0.00357149,0.0,0.000147061,0.0,0.00562735,0.0,0.0,0.0,0.0,0.0506222,0.000174073,0.0,0.000234098,0.0,0.000279117,0.000189079,0.0,0.0968775,0.0,0.0,0.000798334,0.0,0.0,0.0,0.0,0.0,0.0016687,0.0453309,0.0,0.0,0.0,0.0,0.0,0.000345144,0.128673,0.000348146,0.0,0.00338842,0.0,0.0,0.0,0.000207087,0.0,0.0,0.0,0.0,0.0,0.0,0.0,0.0,0.0,0.00202285,0.0,0.0002401,0.0,0.00100242,0.00648271,0.0,0.00839451,0.0,0.00012005,0.0,0.00935191,0.00871564,0.0,0.0136977,0.0,0.0608985,0.0,0.0,0.0,0.000528221,0.000321134,0.0,0.0,0.000306128,0.0,0.0,0.0,0.00589747,0.0,0.0,0.0,0.0,0.000174073,0.0,0.00756016,0.0,0.0,0.0,0.0,0.00373356,0.0,0.0,0.0,0.0,0.0,0.0,0.0,0.00093339,0.0,0.00179775,0.0,0.0,0.0,0.000150063,0.0,0.0,0.0,0.0,0.0,0.0,0.0,0.0,0.0155795,0.00544127,0.0,0.0,0.0,0.0,0.0,0.0,0.000102043,0.00324736,0.0,0.00228395,0.0,0.0,0.000591247,0.0,0.0,0.0,0.000207087,0.0,0.00187278,0.00299525,0.00253606,0.00205286,0.00194181,0.000429179,0.0,0.0,0.000555232,0.000465194,0.0,0.0112607,0.0,0.0,0.0,0.0,0.0,0.0,0.0,0.0,0.0,0.0,0.0,0.0,0.0,0.0,0.0,0.0,0.00923186,0.0,0.000246103,0.0,0.0,0.0,0.0,0.00472698,0.0,0.0,0.00424978,0.00632965,0.0,0.0,0.0,0.00241001,0.0187758,0.0,0.0,0.0139888,0.0,0.0,0.0,0.0,0.0164439,0.00916883,0.0,0.0,0.0,0.0,0.00277916,0.000411172,0.0,0.0,0.000108045,0.0,0.000294123,0.0,0.00369755,0.0,0.249956,0.0,0.000105044,0.000357149,0.0,0.0,0.0,0.0,0.0,0.0,0.0,0.0,0.00103843,0.0103333,0.0,0.0,0.0,0.0,0.0,0.0
2022-11,0.0,0.0,0.0,0.0,0.0,0.0,0.0,0.0,0.0,0.0,0.000477635,0.0,0.000227891,0.0363627,0.0139732,0.0,0.0,0.000933418,0.0,0.0,0.0,0.00451412,0.0,0.0,0.0,0.0,0.0,0.000209161,0.0,0.000118628,0.0279901,0.0,0.00118316,0.000355885,0.0,0.0,0.000252866,0.000168577,0.0,0.039113,0.000293449,0.0,0.0,0.0,0.00433618,0.0,0.00325292,0.0,0.00172011,0.0,0.0,0.0023195,0.0,0.0,0.0,0.00237569,0.0,0.00012175,0.0,0.00210097,0.0,0.0,0.0,0.0,0.0406521,0.0,0.0,0.000714892,0.0,0.000830399,0.000268475,0.000318424,0.0509509,0.0,0.0,0.0,0.000118628,0.0,0.0,0.0,0.0,0.00324355,0.036063,0.00031218,0.0,0.0,0.0,0.0,0.00031218,0.0749794,0.0,0.0,0.00354012,0.0,0.0,0.0,0.0013892,0.0,0.0,0.0,0.0,0.0,0.0,0.0,0.0,0.0,0.00189493,0.000218526,0.000171699,0.0,0.00159836,0.0026067,0.0,0.0116662,0.0,0.0,0.0,0.00747047,0.0114757,0.0,0.0124872,0.000106141,0.100859,0.0,0.0,0.0,0.000259109,0.000796059,0.0,0.0,0.000106141,0.0,0.0,0.000146725,0.00286893,0.0,0.0,0.0,0.0,0.000177943,0.000883469,0.00485752,0.0,0.0,0.0,0.0,0.00790752,0.0,0.0,0.0,0.0,0.000162334,0.0,0.0,0.00130491,0.0,0.00355573,0.0,0.0,0.0,0.000262231,0.0,0.0,0.0,0.000177943,0.0,0.0,0.0,0.0,0.0126589,0.00785757,0.0,0.0,0.0,0.0,0.0,0.0,0.0,0.0021478,0.0,0.00328101,0.0,0.0,0.000143603,0.0,0.0,0.000611873,0.0,0.000271597,0.0107671,0.00250056,0.000752354,0.00234759,0.00104268,0.0,0.0,0.0,0.0,0.000718014,0.0,0.0103862,0.0,0.0,0.0,0.0,0.0,0.0,0.0,0.0,0.0,0.0,0.0,0.0,0.0,0.0,0.0,0.000103019,0.00557553,0.0,0.000574411,0.0,0.0,0.0,0.0,0.00437989,0.0,0.0,0.00185435,0.00404585,0.0,0.000259109,0.0,0.00216653,0.0214312,0.0,0.0,0.015865,0.0,0.0,0.0,0.0,0.0197079,0.00853188,0.0,0.0,0.0,0.0,0.00659949,0.00012175,0.0,0.0,0.0,0.0,0.000330911,0.0,0.00250368,0.0,0.311652,0.0,0.000134237,0.000168577,0.0,0.0,0.0,0.0,0.0,0.0,0.0,0.000152968,0.000686796,0.00557866,0.0,0.0,0.0,0.0,0.0,0.0
2022-12,0.0,0.0,0.0,0.0,0.0,0.0,0.0,0.0,0.0,0.0,0.00527393,0.0,0.000255235,0.0198806,0.0116021,0.0,0.0,0.000726865,0.0,0.0,0.0,0.00514632,0.0,0.0,0.0,0.0,0.0,0.000282978,0.000119295,0.00013594,0.0157691,0.0,0.00106255,0.0,0.0,0.0,0.0,0.000366207,0.0,0.0428573,0.000108197,0.000457759,0.0,0.0,0.00348451,0.0,0.0140823,0.0,0.00214453,0.0,0.0,0.000987649,0.0,0.0,0.0,0.00203633,0.0,0.000122069,0.0,0.000932163,0.0,0.0,0.0,0.0,0.0437284,0.0,0.0,0.000468856,0.0,0.00222498,0.000194201,0.0,0.0887635,0.0,0.0,0.0,0.0,0.0,0.0,0.0,0.0,0.00288249,0.0451877,0.000213621,0.0,0.0,0.0,0.0,0.000113746,0.0672794,0.0,0.0,0.00450545,0.0,0.0,0.0,0.00173671,0.0,0.0,0.0,0.0,0.0,0.00031627,0.0,0.0,0.0,0.0014676,0.00234428,0.0,0.0,0.0012845,0.00150922,0.0,0.00356774,0.000122069,0.000244138,0.0,0.00536271,0.00640862,0.0,0.0112914,0.0,0.110739,0.000185878,0.0,0.0,0.000266332,0.0,0.0,0.0,0.00013594,0.0,0.0,0.000213621,0.000441113,0.0,0.0,0.0,0.0,0.000235815,0.000688025,0.003454,0.0,0.0,0.0,0.0,0.00307947,0.0,0.0,0.0,0.0,0.000227492,0.0,0.0,0.000798997,0.0,0.00755995,0.0,0.0,0.0,0.000113746,0.0,0.0,0.0,0.000210846,0.000227492,0.0,0.0,0.0,0.011333,0.00707168,0.0,0.0,0.000224718,0.0,0.0,0.0,0.0,0.00297959,0.0,0.00286307,0.0,0.0,0.000130392,0.0,0.0,0.000299624,0.0,0.000485502,0.0159799,0.000621442,0.00104591,0.00184491,0.0011763,0.0,0.0,0.0,0.00105146,0.000618668,0.0,0.00441113,0.0,0.0,0.0,0.0,0.0,0.0,0.0,0.0,0.0,0.0,0.0,0.0,0.0,0.0,0.0,0.000205298,0.00748782,0.0,0.0,0.0,0.000122069,0.0,0.0,0.00440558,0.0,0.0,0.000624216,0.00606738,0.0,0.0,0.0,0.000710219,0.0191482,0.0,0.0,0.013927,0.0,0.0,0.0,0.0,0.022236,0.00647798,0.0,0.0,0.000105423,0.0,0.00376194,0.0,0.0,0.0,0.0,0.0,0.000299624,0.0,0.00214453,0.0,0.297105,0.0,0.000152586,0.000194201,0.0,0.0,0.0,0.0,0.0,0.0,0.0,0.000424467,0.00051047,0.0118573,0.0,0.0,0.000460533,0.0,0.0,0.0
2023-01,0.0,0.0,0.0,0.0,0.0,0.0,0.0,0.0,0.0,0.0,0.00255127,0.0,0.0005562,0.0214057,0.0164966,0.0,0.0,0.00156381,0.0,0.000116883,0.0,0.0049655,0.0,0.0,0.0,0.0,0.0,0.0,0.000112852,0.000165248,0.0082624,0.0,0.00156381,0.000306313,0.0,0.0,0.0,0.0,0.0,0.0653495,0.000128974,0.000306313,0.0,0.0,0.00391759,0.0,0.0246945,0.0,0.000943122,0.0,0.0,0.00280115,0.0,0.0,0.0,0.00230541,0.0,0.0,0.0,0.000975366,0.0,0.0,0.0,0.0,0.023437,0.0,0.0,0.000225705,0.0,0.00101567,0.0,0.0,0.0826764,0.0,0.0,0.0,0.0,0.0,0.0,0.0,0.0,0.00315583,0.0193622,0.0,0.0,0.0,0.0,0.0,0.000407074,0.0811045,0.0,0.0,0.00588041,0.0,0.0,0.0,0.00100761,0.0,0.0,0.000245857,0.0,0.0,0.00055217,0.0,0.0,0.000108822,0.000931031,0.00153157,0.0,0.0,0.00145499,0.00179758,0.0,0.00174115,0.000221674,0.00027407,0.0,0.00912894,0.00503402,0.0,0.0144773,0.000773844,0.107798,0.000173309,0.0,0.0,0.0,0.0,0.0,0.000161218,0.000205552,0.0,0.0,0.0,0.0,0.0,0.0,0.0,0.0,0.0,0.00103985,0.00294222,0.0,0.0,0.0,0.0,0.00164039,0.0,0.0,0.0,0.0,0.0,0.0,0.0,0.000939092,0.0,0.00785129,0.0,0.000128974,0.0,0.0,0.0,0.000133004,0.0,0.000137035,0.000652931,0.0,0.000120913,0.0,0.0113417,0.00490504,0.0,0.0,0.0,0.0,0.0,0.000193461,0.0,0.00221674,0.0,0.00193058,0.0,0.0,0.000294222,0.0,0.0,0.0,0.0,0.000261978,0.00322838,0.000491713,0.00157187,0.00221271,0.00232153,0.0,0.000451409,0.0,0.00278503,0.00117689,0.0,0.00446976,0.0,0.0,0.0,0.0,0.0,0.0,0.0,0.0,0.0,0.0,0.0,0.0,0.0,0.0,0.0,0.0,0.00827449,0.0,0.000600535,0.0,0.000693235,0.0,0.0,0.00442139,0.0,0.0,0.0016686,0.00334123,0.0,0.0,0.0,0.00452618,0.0269757,0.0,0.0,0.0148038,0.0,0.0,0.0,0.0,0.0192615,0.00201522,0.0,0.0,0.000628748,0.0,0.00184191,0.000213613,0.0,0.0,0.0,0.0,0.000939092,0.0,0.0,0.0,0.316708,0.0,0.000149126,0.00124137,0.0,0.0,0.0,0.0,0.000128974,0.0,0.0,0.000157187,0.000141065,0.00753289,0.0,0.0,0.000963275,0.0,0.000906849,0.0
2023-02,0.0,0.0,0.0,0.0,0.0,0.0,0.0,0.0,0.0,0.0,0.000254716,0.0,0.0,0.0196874,0.0223301,0.0,0.0,0.0029027,0.0,0.0,0.0,0.00890976,0.0,0.0,0.0,0.0,0.0,0.0,0.0,0.0,0.0133991,0.0,0.00162382,0.000191037,0.0,0.0,0.0,0.0,0.0,0.0600653,0.000238796,0.0,0.0,0.0,0.00425058,0.0,0.0229881,0.0,0.00154422,0.0,0.0,0.00279127,0.000180424,0.0,0.0,0.0016132,0.0,0.0,0.0,0.00229775,0.0,0.0,0.0,0.0,0.0111651,0.0,0.0,0.000148584,0.0,0.000270636,0.000838441,0.0,0.124233,0.0,0.0,0.0,0.0,0.0,0.0,0.0,0.0,0.00317865,0.0186633,0.0,0.0,0.0,0.0,0.0,0.000445753,0.111847,0.000137971,0.0,0.00502003,0.0,0.0,0.0,0.000116745,0.0,0.0,0.0,0.0,0.0,0.00139033,0.0,0.0,0.0,0.00091804,0.00114622,0.000127358,0.0,0.00172995,0.00220223,0.0,0.0019369,0.0,0.000875587,0.0,0.00446284,0.00859137,0.0,0.0131869,0.000541272,0.0523654,0.0,0.0,0.0,0.0,0.0,0.0,0.00046698,0.0,0.0,0.0,0.0,0.0,0.00024941,0.0,0.0,0.0,0.0,0.00148584,0.00578949,0.0,0.000100825,0.0,0.0,0.00135318,0.0,0.0,0.0,0.0,0.0,0.0,0.0,0.000509432,0.0,0.00321049,0.000137971,0.0,0.0,0.0,0.0,0.000106132,0.0,0.0,0.000238796,0.0,0.0,0.0,0.0147311,0.00350765,0.0,0.0,0.0,0.0,0.000100825,0.0,0.0,0.0016928,0.0,0.00206957,0.000493513,0.0,0.000387381,0.0,0.0,0.0,0.0,0.0,0.0010507,0.000997639,0.00462734,0.0023349,0.00043514,0.0,0.00046698,0.0,0.00160259,0.00166627,0.0,0.00720635,0.0,0.0,0.0,0.0,0.0,0.0,0.0,0.0,0.0,0.0,0.0,0.0,0.0,0.0,0.0,0.0,0.0125395,0.0,0.0,0.0,0.000185731,0.0,0.0,0.00522168,0.0,0.0,0.00341214,0.0024941,0.0,0.0,0.0,0.00610258,0.0340365,0.0,0.0,0.0128685,0.0,0.0,0.0,0.0,0.00965268,0.00245164,0.0,0.0,0.000573112,0.0,0.00133195,0.000546579,0.0,0.0,0.0,0.0,0.000413914,0.0,0.0,0.0,0.305835,0.0,0.0,0.00100825,0.0,0.000578418,0.0,0.0,0.0,0.0,0.0,0.0,0.000100825,0.0112128,0.0,0.0,0.000106132,0.0,0.0,0.0
2023-03,0.0,0.0,0.0,0.0,0.0,0.0,0.0,0.0,0.0,0.0,0.000419459,0.0,0.0,0.0266948,0.0217742,0.0,0.0,0.00200049,0.0,0.0,0.0,0.00992181,0.0,0.0,0.0,0.0,0.0,0.0,0.0,0.0,0.00798047,0.0,0.00202201,0.000489368,0.0,0.0,0.0,0.0,0.0,0.0588156,0.000414081,0.0,0.0,0.0,0.00687804,0.0,0.0275928,0.0,0.00153801,0.0,0.0,0.00147886,0.0,0.0,0.0,0.00237155,0.0,0.0,0.0,0.00391495,0.0,0.0,0.0,0.0,0.0164503,0.0,0.0,0.0,0.0,0.000613055,0.00123149,0.0,0.137932,0.0,0.0,0.0,0.0,0.0,0.0,0.0,0.0,0.00432903,0.0323037,0.0,0.0,0.0,0.0,0.0,0.0,0.0823537,0.000274261,0.0,0.00403863,0.0,0.0,0.0,0.000204352,0.000123687,0.0,0.0,0.0,0.0,0.000182841,0.0,0.0,0.0,0.000403326,0.000876561,0.0,0.0,0.000666832,0.0246405,0.0,0.00523248,0.000871183,0.00118847,0.0,0.00957226,0.00733515,0.0,0.0132667,0.0,0.0307549,0.0,0.0,0.0,0.000860428,0.0,0.0,0.000376437,0.000451725,0.0,0.0,0.0,0.0,0.000166708,0.0,0.0,0.0,0.0,0.0013498,0.00648547,0.0,0.0,0.0,0.0,0.00285554,0.0,0.0,0.0,0.0,0.0,0.0,0.0,0.000898072,0.0,0.00307603,0.0,0.0,0.0,0.0,0.0,0.0,0.0,0.0,0.0,0.0,0.0,0.000129064,0.0119546,0.00519483,0.0,0.0,0.0,0.0,0.0,0.0,0.0,0.00224249,0.0,0.00267808,0.000457102,0.0,0.00223711,0.0,0.0,0.0,0.0,0.000107553,0.0027695,0.000951848,0.00853975,0.0029631,0.000403326,0.0,0.000527012,0.0,0.00144122,0.00118847,0.0,0.00660916,0.0,0.0,0.0,0.0,0.0,0.0,0.0,0.0,0.0,0.0,0.0,0.0,0.0,0.0,0.0,0.0,0.0232638,0.0,0.0,0.0,0.0,0.0,0.0,0.0102875,0.0,0.0,0.00373748,0.00390957,0.0,0.0,0.0,0.00368371,0.035412,0.0,0.0,0.0181335,0.0,0.0,0.0,0.0,0.0124224,0.00388268,0.0,0.0,0.000112931,0.0,0.00138744,0.000704475,0.0,0.0,0.0,0.0,0.000440969,0.000102176,0.000241995,0.0,0.240855,0.0,0.0,0.00218871,0.0,0.00100563,0.0,0.0,0.0,0.0,0.0,0.0,0.00037106,0.0196446,0.0,0.0,0.000440969,0.0,0.0,0.0
2023-04,0.0,0.0,0.0,0.000214408,0.0,0.0,0.0,0.0,0.0,0.0,0.000436758,0.0,0.0,0.0449622,0.0240614,0.0,0.0,0.00125469,0.000119116,0.0,0.0,0.00741694,0.0,0.0,0.0,0.0,0.0,0.0,0.0,0.0,0.00900515,0.0,0.00110381,0.000881456,0.0,0.0,0.000373229,0.0,0.0,0.0678404,0.000659107,0.0,0.0,0.0,0.00322406,0.0,0.0484086,0.0,0.00131821,0.0,0.0,0.00219173,0.0,0.0,0.000293819,0.003772,0.0,0.0,0.0,0.00150086,0.0,0.0,0.0,0.0,0.00952131,0.0,0.0,0.0,0.0,0.000952925,0.000484404,0.0,0.0582873,0.0,0.0,0.0,0.0,0.0,0.0,0.0,0.0,0.00458198,0.0448431,0.000444699,0.0,0.0,0.0,0.0,0.000111175,0.0336144,0.0,0.0,0.00403405,0.0,0.0,0.0,0.000365288,0.000119116,0.0,0.0,0.0,0.0,0.0,0.0,0.0,0.0,0.00147703,0.00213614,0.0,0.0,0.000476463,0.0463519,0.0,0.0122054,0.0,0.000587637,0.0,0.00254113,0.00279525,0.0,0.0150324,0.0,0.049568,0.0,0.0,0.0,0.0,0.000563814,0.0,0.0,0.000444699,0.0,0.0,0.0,0.0,0.000246172,0.0,0.0,0.0,0.0,0.000825869,0.00478051,0.0,0.000111175,0.0,0.0,0.00827457,0.0,0.0,0.0,0.0,0.000158821,0.0,0.0,0.00207261,0.0,0.00141351,0.0,0.000222349,0.0,0.00045264,0.0,0.0,0.0,0.000119116,0.0,0.000103234,0.0,0.00038117,0.00779017,0.00725017,0.0,0.0,0.0,0.0,0.0,0.0,0.0,0.000714694,0.0,0.00229496,0.000158821,0.0,0.000500286,0.0,0.0,0.000119116,0.0,0.000174703,0.00542373,0.00353377,0.00286672,0.00404199,0.000397052,0.0,0.000285878,0.0,0.00462963,0.00126263,0.0,0.00677371,0.0,0.0,0.0,0.0,0.0,0.0,0.0,0.0,0.0,0.0,0.0,0.0,0.0,0.0,0.0,0.0,0.0176609,0.0,0.0,0.0,0.00045264,0.0,0.0,0.0136745,0.0,0.0,0.00227908,0.00409758,0.0,0.0,0.0,0.0024379,0.0492424,0.0,0.0,0.0311448,0.0,0.0,0.0,0.0,0.0208373,0.00419287,0.0,0.0,0.00165174,0.0,0.00501874,0.0,0.0,0.0,0.0,0.0,0.000333524,0.0,0.000111175,0.0,0.223096,0.0,0.000222349,0.00335112,0.0,0.026809,0.0,0.0,0.0,0.0,0.0,0.0,0.00431993,0.00905279,0.0,0.0,0.00112763,0.0,0.0,0.0
2023-05,0.0,0.0,0.0,0.0,0.0,0.0,0.0,0.0,0.0,0.000194497,0.00076775,0.0,0.0,0.0641942,0.0135124,0.0,0.0,0.0,0.000286627,0.0,0.0,0.00457579,0.0,0.0,0.0,0.0,0.00012284,0.0,0.0,0.000112603,0.01168,0.0,0.00235443,0.00110556,0.0,0.0,0.000757514,0.000194497,0.0,0.0707968,0.00109532,0.0,0.0,0.0,0.00100319,0.0,0.133384,0.0,0.00440177,0.0,0.0,0.00331668,0.0,0.0,0.000143313,0.00193473,0.0,0.0,0.0,0.000266153,0.0,0.0,0.0,0.0,0.00772869,0.0,0.0,0.00018426,0.0,0.00198591,0.00036852,0.0,0.0329518,0.0,0.0,0.0,0.0,0.0,0.0,0.0,0.0,0.00616248,0.0382033,0.000327574,0.0,0.0,0.0,0.0,0.000716567,0.00677668,0.0,0.0,0.0053026,0.0,0.000235443,0.0,0.00199615,0.0,0.0,0.0,0.0,0.0,0.0,0.0,0.0,0.0,0.00210875,0.00886496,0.0,0.0,0.000624437,0.00802555,0.0,0.0120383,0.0,0.0,0.0,0.00408443,0.00338834,0.0,0.0131644,0.0,0.0379678,0.0,0.0,0.0,0.0,0.00136148,0.0,0.0,0.000255917,0.0,0.0,0.000348047,0.0,0.000102367,0.0,0.0,0.0,0.0,0.000634674,0.00430964,0.0,0.0,0.0,0.0,0.012888,0.0,0.0,0.0,0.0,0.000286627,0.0,0.0,0.00347023,0.0,0.00161739,0.0,0.0,0.0,0.0009213,0.0,0.0,0.0,0.000174023,0.0,0.0,0.0,0.0,0.00539473,0.0104107,0.0,0.0,0.0,0.0,0.0,0.0,0.0,0.00141266,0.0,0.00186307,0.0,0.0,0.000450414,0.0,0.0,0.0,0.0,0.000225207,0.00431988,0.00252846,0.00133077,0.00521047,0.00110556,0.0,0.000716567,0.0,0.00488289,0.000634674,0.0,0.00437106,0.0,0.0,0.0,0.0,0.0,0.0,0.0,0.0,0.0,0.0,0.0,0.0,0.0,0.0,0.0,0.0,0.00862951,0.0,0.0,0.0,0.00163787,0.0,0.0,0.0190095,0.0,0.0,0.000174023,0.00311195,0.0,0.0,0.0,0.00241585,0.0635902,0.0,0.0,0.0431373,0.0,0.000133077,0.0,0.0,0.0180575,0.00379781,0.0,0.0,0.00281508,0.0,0.0102162,0.0,0.0,0.0,0.0,0.0,0.0,0.0,0.0,0.0,0.195572,0.0,0.000532307,0.00350094,0.0,0.0293895,0.0,0.0,0.0,0.0,0.0,0.000194497,0.00267177,0.00520023,0.0,0.0,0.00431988,0.0,0.0,0.0
2023-06,0.0,0.0,0.0,0.0,0.0,0.0,0.0,0.0,0.0,0.0,0.00113784,0.0,0.0,0.0598787,0.0177432,0.0,0.0,0.0,0.00069337,0.000231123,0.0,0.00279126,0.0,0.0,0.0,0.0,0.000248902,0.0,0.0,0.000248902,0.011574,0.0,0.00259569,0.0,0.0,0.0,0.000444468,0.000266681,0.0,0.0573008,0.00170676,0.0,0.0,0.0,0.000426689,0.0,0.13727,0.0,0.00650701,0.0,0.0,0.00389354,0.0,0.0,0.0,0.0,0.0,0.000355575,0.0,0.0,0.0,0.0,0.0,0.0,0.00314683,0.0,0.0,0.00583142,0.0,0.004178,0.0,0.0,0.0341529,0.0,0.0,0.0,0.0,0.0,0.0,0.0,0.0,0.00627589,0.0232012,0.000426689,0.0,0.0,0.0,0.0,0.000853379,0.00648923,0.0,0.0,0.00280904,0.0,0.000213345,0.0,0.00449802,0.0,0.0,0.0,0.0,0.0,0.0,0.0,0.0,0.000355575,0.00264903,0.00513805,0.0,0.0,0.000995609,0.000995609,0.0,0.00144008,0.0,0.0,0.0,0.00352019,0.00725372,0.0,0.0102939,0.0,0.0864935,0.0,0.0,0.0,0.0,0.000391132,0.0,0.0,0.0,0.0,0.0,0.00126229,0.0,0.0,0.0,0.0,0.0,0.0,0.0,0.00177787,0.0,0.0,0.0,0.0,0.00625811,0.0,0.0,0.0,0.0,0.00069337,0.0,0.0,0.0011734,0.0,0.00232901,0.0,0.0,0.0,0.0,0.0,0.0,0.0,0.0,0.0,0.000195566,0.0,0.0,0.00407133,0.0122495,0.0,0.0,0.0,0.0,0.000124451,0.0,0.0,0.00254236,0.0,0.000640034,0.0,0.0,0.0,0.0,0.0,0.000586698,0.0,0.0,0.00684481,0.000320017,0.000391132,0.00378687,0.00138674,0.0,0.000888936,0.0,0.00193788,0.000106672,0.0,0.00316461,0.0,0.0,0.0,0.0,0.0,0.0,0.0,0.0,0.0,0.0,0.0,0.0,0.0,0.0,0.0,0.0,0.00821377,0.0,0.0,0.0,0.00211567,0.0,0.0,0.0218145,0.0,0.0,0.0,0.00234679,0.0,0.0,0.0,0.00110228,0.106548,0.0,0.0,0.0350419,0.0,0.0,0.0,0.0,0.0147208,0.0019201,0.0,0.0,0.00259569,0.0,0.00757374,0.0,0.000906715,0.0,0.0,0.0,0.0,0.0,0.0,0.0,0.192704,0.0,0.000302238,0.00238235,0.0,0.0157342,0.0,0.0,0.0,0.0,0.0,0.0,0.000995609,0.00780486,0.0,0.0,0.00471136,0.0,0.0,0.0
2023-07,0.0,0.0,0.0,0.0,0.0,0.0,0.0,0.0,0.0,0.0,0.001152,0.0,0.000314182,0.0311878,0.000502691,0.0,0.0,0.0,0.0,0.0,0.0,0.00163375,0.0,0.0,0.0,0.0,0.0,0.0,0.0,0.0,0.00458706,0.0,0.00175942,0.0,0.0,0.0,0.000188509,0.0,0.0,0.055715,0.0018432,0.0,0.0,0.0,0.0,0.0,0.0983809,0.0,0.00307899,0.0,0.0,0.00286953,0.0,0.0,0.0,0.0,0.0,0.000104727,0.0,0.0,0.0,0.0,0.0,0.0,0.00536204,0.0,0.0,0.00330939,0.0,0.000691201,0.0,0.0,0.0617054,0.0,0.0,0.0,0.0,0.0,0.0,0.0,0.0,0.00305804,0.02459,0.0,0.0,0.0,0.0,0.0,0.000439855,0.00768699,0.0,0.0,0.000481746,0.0,0.000146618,0.0,0.00385397,0.0,0.0,0.00041891,0.0,0.0,0.0,0.0,0.0,0.0,0.00142429,0.00347695,0.0,0.0,0.00163375,0.00146618,0.0,0.000104727,0.0,0.0,0.0,0.00770794,0.00730997,0.0,0.00705863,0.0,0.118614,0.0,0.0,0.0,0.00150807,0.0,0.0,0.0,0.0,0.0,0.0,0.00127767,0.0,0.0,0.0,0.0,0.0,0.0,0.0,0.00314182,0.0,0.0,0.0,0.0,0.00222022,0.0,0.0,0.0,0.0,0.00041891,0.0,0.0,0.00111011,0.0,0.00477557,0.0,0.0,0.0,0.0,0.0,0.0,0.0,0.0,0.0,0.0,0.0,0.0,0.00353979,0.00647215,0.0,0.0,0.0,0.0,0.0,0.0,0.0,0.00374924,0.0,0.000670255,0.000209455,0.0,0.000293237,0.0,0.0,0.000188509,0.0,0.0,0.00242968,0.000460801,0.0,0.00318371,0.00205266,0.0,0.000188509,0.0,0.000167564,0.0,0.0,0.000984438,0.0,0.0,0.0,0.0,0.0,0.0,0.0,0.0,0.0,0.0,0.0,0.0,0.0,0.0,0.0,0.0,0.0109964,0.0,0.0,0.0,0.00119389,0.0,0.0,0.0149132,0.0,0.000104727,0.0,0.00102633,0.0,0.0,0.0,0.001152,0.104686,0.0,0.0,0.0300358,0.0,0.0,0.0,0.0,0.00710052,0.00169658,0.0,0.0,0.00303709,0.0,0.00494313,0.0,0.0,0.0,0.0,0.0,0.000481746,0.0,0.0,0.0,0.289969,0.0,0.0,0.000146618,0.0,0.00666066,0.0,0.0,0.0,0.0,0.0,0.0,0.0,0.0131538,0.0,0.0,0.00513164,0.0,0.0,0.0
2023-08,0.0,0.0,0.0,0.0,0.0,0.0,0.0,0.0,0.0,0.0,0.0,0.0,0.000346284,0.0202692,0.00189302,0.0,0.0,0.0,0.0,0.0,0.0,0.00537895,0.0,0.0,0.0,0.0,0.0,0.000115428,0.0,0.0,0.00274719,0.0,0.0,0.0,0.0,0.0,0.0,0.0,0.0,0.0840317,0.000969596,0.0,0.000115428,0.0,0.0,0.0,0.0681949,0.0,0.0,0.0,0.0,0.0,0.0,0.0,0.0,0.000161599,0.0,0.000138514,0.0,0.0,0.0,0.0,0.0,0.0,0.00916499,0.0,0.0,0.000761826,0.0,0.000623312,0.0,0.0,0.0608306,0.0,0.0,0.0,0.0,0.0,0.0,0.0,0.0,0.0035321,0.0569061,0.0,0.0,0.0,0.0,0.0,0.0,0.00614078,0.0,0.0,0.0,0.0,0.000184685,0.0,0.00103885,0.0,0.0,0.000530969,0.0,0.0,0.0,0.0,0.0,0.0,0.00036937,0.00556364,0.0,0.0,0.00237782,0.00073874,0.0,0.0,0.0,0.0,0.0,0.0111042,0.0132973,0.0,0.0146594,0.0,0.0785373,0.0,0.0,0.000161599,0.0,0.0,0.0,0.0,0.000438627,0.0,0.0,0.0,0.0,0.000807997,0.0,0.0,0.0,0.0,0.0,0.00470947,0.0,0.0,0.0,0.0,0.000277027,0.0,0.0,0.0,0.0,0.000577141,0.0,0.0,0.000161599,0.0,0.000877254,0.0,0.0,0.0,0.0,0.0,0.000184685,0.0,0.0,0.0,0.0,0.0,0.0,0.0073874,0.00847242,0.0,0.0,0.0,0.0,0.0,0.0,0.0,0.00143131,0.0,0.00103885,0.00036937,0.0,0.000138514,0.0,0.000161599,0.0,0.0,0.0,0.0,0.00036937,0.0,0.0101346,0.00147748,0.000300113,0.000115428,0.0,0.000992682,0.0,0.0,0.000807997,0.0,0.0,0.0,0.0,0.0,0.0,0.0,0.0,0.0,0.0,0.0,0.0,0.0,0.0,0.0,0.0,0.022116,0.0,0.0,0.0,0.0,0.0,0.0,0.010527,0.0,0.0,0.0,0.000646397,0.0,0.0,0.0,0.00177759,0.060115,0.0,0.0,0.0343514,0.0,0.0,0.0,0.0,0.0125817,0.00376296,0.0,0.0,0.0024009,0.0,0.00219313,0.0,0.0,0.0,0.0,0.0,0.000554055,0.000923425,0.0,0.0,0.329501,0.0,0.0,0.000115428,0.0,0.0108733,0.0,0.0,0.0,0.0,0.0,0.0,0.0,0.0147286,0.0,0.0,0.000115428,0.0,0.0,0.0
